history,chunk,sigma,matched_cosine,native_cosine,student_delta_rms,matched_teacher_delta_rms,matched_norm_ratio,native_norm_ratio,student_relative_action_effect,teacher_relative_action_effect,finite_vs_diagonal_cosine,finite_vs_diagonal_norm_ratio,student_repeat_rmse,teacher_repeat_rmse,future_only_rmse
A,1,0.9395404663085938,0.03247326444021501,0.05732211128424189,0.05189815932073114,0.023139047379889463,2.2428822789755944,1.473475313378884,0.037571255869767214,0.016862938903001737,0.791636369082593,0.674209007940327,,,
A,1,0.6894410400390625,0.0035610255163559786,0.027673831757232134,0.0207825208447512,0.019715434497391417,1.0541244144277429,0.7699264401108741,0.015025572500895616,0.014320716970111797,0.6213677472346911,0.9472423276543993,0.0,0.0,0.0
A,1,0.24078089904785155,0.01904720726328903,0.013619108405206672,0.01849663887277213,0.015304884031246298,1.2085448563353636,1.1711086643053332,0.014300502778088538,0.011975043307770557,0.5861912979591688,1.0097495710997344,,,
A,2,0.9395404663085938,0.08359907587861043,-0.3500635099289329,0.024214320086410522,0.015567211173801214,1.5554693654546017,0.42833846702134354,0.017802693755916726,0.011518898164009413,0.8993163654317191,1.0470539346943863,,,
A,2,0.6894410400390625,0.1188104856355806,0.07259924936887208,0.016559983066213403,0.02086968478876331,0.7934946422923298,0.6790040019457299,0.012098967490377716,0.015294864896790645,0.7588254596380608,1.005495750257331,0.0,0.0,
A,2,0.24078089904785155,-0.005467081723045405,-0.0002885571628118978,0.017114712692206505,0.01667302830739371,1.0264909515337968,0.9679883819516555,0.013390056283325298,0.013174502582641858,0.5640217776917458,1.0240975158794186,,,
D,1,0.9395404663085938,0.20504980699520595,0.04415813448749467,0.04600126002926763,0.038628184132198165,1.1908729613547777,1.2228133446936844,0.03386344872318715,0.028546523161757698,0.711137265317761,1.0388814526953134,,,
D,1,0.6894410400390625,0.08295460108375852,0.12418696788407613,0.0255764028353661,0.021394593904710366,1.1954610098832144,1.0230854792945834,0.01857258181712412,0.015600657144671997,0.670109677824541,1.0215490164868883,0.0,0.0,0.0
D,1,0.24078089904785155,0.031851375246057675,0.039622347311801046,0.021523454182898645,0.018673985019900325,1.1525903099933845,1.1234112505950389,0.0166957003659017,0.014636766118943883,0.5355313722885353,0.950973476078595,,,
D,2,0.9395404663085938,-0.1023353115280156,0.2773780625689785,0.04244231760334988,0.011934383408971468,3.5563058558554435,1.9852418804998349,0.031224013142166596,0.008768723998000562,0.8858610925617116,1.0005806925435021,,,
D,2,0.6894410400390625,-0.05881209053456649,0.03313506800151224,0.01694811773264152,0.01849467713872525,0.9163781343960071,0.737353888914864,0.012382071254854446,0.013579500208878029,0.6971371747966536,0.9343251916500307,0.0,0.0,
D,2,0.24078089904785155,0.047904425024035815,0.016770819563062193,0.016997501845161928,0.016704827256763765,1.017520360067158,0.9729792608360245,0.013358420270083661,0.013236387110535519,0.5279997099797589,1.003857376074302,,,
