chunk,clip,fm0_clean_endpoint_mse,fm0_normalized_velocity_mse,fm0_raw_velocity_mse,native8,original_clean_endpoint_mse,original_normalized_velocity_mse,original_raw_velocity_mse,shift12_clean_endpoint_mse,shift12_normalized_velocity_mse,shift12_raw_velocity_mse,shift2_22_clean_endpoint_mse,shift2_22_normalized_velocity_mse,shift2_22_raw_velocity_mse,sigma
0,118eb5d8b75e1b8ac23a4e9ae77af9a9_A_1140,0.0026423364063591272,0.2604013487343218,0.5225741206386886,False,0.002249401593023968,0.2216777573282858,0.44486351420236336,0.002603306336248075,0.2565549486795622,0.5148551547577116,0.0025656371806498306,0.2528426662843838,0.5074053365534208,0.07110826873779297
0,118eb5d8b75e1b8ac23a4e9ae77af9a9_A_1140,0.015052572621222757,0.12937846630749497,0.2596370509939305,True,0.012279508291568599,0.10554368278106728,0.21180534389073766,0.014762859290923767,0.12688834934967524,0.2546398776465383,0.014605397779416772,0.12553495087262603,0.251923873975838,0.24078089904785155
0,118eb5d8b75e1b8ac23a4e9ae77af9a9_A_1140,0.03151138876459413,0.08681564571849473,0.1742218692012585,True,0.024417321174161715,0.06727109110571841,0.13499980491592004,0.03050874044277382,0.08405329328339042,0.1686783729725137,0.030121106179539444,0.08298533911873242,0.16653519970866099,0.4252873229980469
0,118eb5d8b75e1b8ac23a4e9ae77af9a9_A_1140,0.0417744140545559,0.06380494542207332,0.12804393452031604,True,0.031959864566159256,0.048814506690088515,0.09796108212177698,0.04011685040554599,0.06127323407309855,0.12296328943790022,0.039524478011698706,0.06036846283658024,0.12114759210913897,0.5711835327148438
0,118eb5d8b75e1b8ac23a4e9ae77af9a9_A_1140,0.050898969714267224,0.05335929201800629,0.1070815694302024,True,0.03676232557707117,0.03853931969035737,0.0773408094661966,0.04859140839545929,0.05094018925520098,0.10222690755862592,0.04779394252349514,0.050104175980759356,0.1005491938914078,0.6894410400390625
0,118eb5d8b75e1b8ac23a4e9ae77af9a9_A_1140,0.05924923349284644,0.047639841158779034,0.0956037602029304,True,0.0426961442037052,0.03433019143112497,0.06889391965777253,0.056329578117420245,0.045292267863329176,0.09089264385707684,0.05551479633058748,0.044637135760928794,0.08957792300797959,0.7872340698242187
0,118eb5d8b75e1b8ac23a4e9ae77af9a9_A_1140,0.0691592696424589,0.04558844574985865,0.09148701442911131,True,0.05139030650455195,0.03387549076592704,0.06798142515102532,0.06546929250101977,0.043156084569638174,0.0866057455301309,0.06478189367039316,0.04270296462692413,0.08569642322147714,0.8694517211914062
0,118eb5d8b75e1b8ac23a4e9ae77af9a9_A_1140,0.08550649381364447,0.04826846071921986,0.09686527561216433,True,0.06071344256869737,0.03427277025465108,0.06877868668779089,0.0807697000740025,0.04559453816246932,0.09149924069897536,0.08025222421588644,0.04530242276846127,0.09091302274775988,0.9395404663085938
0,118eb5d8b75e1b8ac23a4e9ae77af9a9_A_1140,0.28307720659731334,0.14105881535769893,0.28307720659731334,True,0.25659348397495746,0.12786184134387216,0.25659348397495746,0.29458031943428886,0.14679087513465555,0.29458031943428886,0.31369061011752647,0.15631363041870588,0.31369061011752647,1.0
1,118eb5d8b75e1b8ac23a4e9ae77af9a9_A_1140,0.002981500759028129,0.30575004027876246,0.5896505583403553,False,0.0027125636264004644,0.27817079553620305,0.536462938001111,0.00296372360303215,0.30392700999934563,0.5861347752479003,0.0029434527572474944,0.301848254226309,0.5821258158341689,0.07110826873779297
1,118eb5d8b75e1b8ac23a4e9ae77af9a9_A_1140,0.0178147389460887,0.15933354103449443,0.3072807818689973,True,0.015488034713999326,0.13852369221433322,0.2671481985188889,0.017702614012060882,0.15833070496538473,0.3053467744440588,0.017608200989883718,0.1574862827603342,0.3037182741690332,0.24078089904785155
1,118eb5d8b75e1b8ac23a4e9ae77af9a9_A_1140,0.03649062645690313,0.1046136254742979,0.20175134765211433,True,0.031250926048671836,0.08959212243839867,0.1727818088610362,0.03619702882032337,0.10377192128405688,0.20012808917181937,0.03600032885845942,0.10320800944862853,0.1990405637922253,0.4252873229980469
1,118eb5d8b75e1b8ac23a4e9ae77af9a9_A_1140,0.04869077025384369,0.07738683717482565,0.1492434529419085,True,0.040606499790185394,0.06453807510376372,0.12446412757443999,0.04820522941197322,0.07661514122761291,0.14775520801566705,0.047948373381978604,0.0762069062445363,0.14696791135501666,0.5711835327148438
1,118eb5d8b75e1b8ac23a4e9ae77af9a9_A_1140,0.058017636865983505,0.06329036211326677,0.1220578657115658,True,0.047074586971687885,0.051352792300946665,0.09903580920212482,0.057175094357924214,0.06237124814531821,0.12028531953664079,0.05679555284809254,0.061957213363968026,0.11948683774487101,0.6894410400390625
1,118eb5d8b75e1b8ac23a4e9ae77af9a9_A_1140,0.06684922288374351,0.05593200778811721,0.1078670000870356,True,0.05250633883625151,0.04393147483287965,0.0847235167665228,0.065370246815423,0.0546945648171555,0.1054805443466646,0.0647948058613205,0.05421309971497418,0.10455202062165127,0.7872340698242187
1,118eb5d8b75e1b8ac23a4e9ae77af9a9_A_1140,0.07882279582846231,0.0540670533038432,0.1042703645741542,True,0.05853369470144641,0.04015011594337818,0.07743102261526469,0.07607071845738587,0.05217931623039419,0.10062979197326709,0.07572395288285648,0.05194145873492017,0.10017107476464848,0.8694517211914062
1,118eb5d8b75e1b8ac23a4e9ae77af9a9_A_1140,0.1292726978868959,0.07593598683458906,0.14644543298937204,True,0.11404020050901371,0.06698827599345851,0.1291894329949637,0.12064318607820582,0.07086693121955927,0.13666956682452872,0.12441295945576936,0.073081331214665,0.14094012126930494,0.9395404663085938
1,118eb5d8b75e1b8ac23a4e9ae77af9a9_A_1140,0.31484707337176787,0.16325687138500625,0.31484707337176787,True,0.12055622749404878,0.06251172137597616,0.12055622749404878,0.3031802292295917,0.15720729165351824,0.3031802292295917,0.31516840626751,0.1634234913337647,0.31516840626751,1.0
2,118eb5d8b75e1b8ac23a4e9ae77af9a9_A_1140,0.003061013139208261,0.3399545772387403,0.6053756991863593,False,0.0027211641942664396,0.30221112461422406,0.5381638698653274,0.0030259412042367997,0.3360595058084846,0.5984395325677938,0.0029862314401745034,0.33164935941573176,0.5905861438071183,0.07110826873779297
2,118eb5d8b75e1b8ac23a4e9ae77af9a9_A_1140,0.015480255051022289,0.14994429883040655,0.26701400957963495,True,0.013419348996624584,0.12998202351494934,0.23146609469464494,0.015271389508764768,0.1479211928040256,0.2634113540860794,0.015087505360872024,0.14614006067597435,0.2602395947406975,0.24078089904785155
2,118eb5d8b75e1b8ac23a4e9ae77af9a9_A_1140,0.029053846708680418,0.09020584421662231,0.16063447786726992,True,0.02493534324070096,0.07741879106103529,0.13786387331335515,0.02863970313608483,0.08892001893615399,0.15834473850115352,0.028368905215799906,0.08807925057744612,0.15684753632449594,0.4252873229980469
2,118eb5d8b75e1b8ac23a4e9ae77af9a9_A_1140,0.03639569571892471,0.06264617776345775,0.1115574732746514,True,0.030391806092827305,0.05231196847416792,0.09315478187729882,0.03571846795787973,0.06148049787008751,0.10948168336704585,0.03541337825306946,0.06095536149052911,0.10854654430957081,0.5711835327148438
2,118eb5d8b75e1b8ac23a4e9ae77af9a9_A_1140,0.041044488660803485,0.04849048133400838,0.086349650826567,True,0.0333868967726715,0.03944370480857637,0.07023956132887502,0.039986908484180766,0.047241042652056565,0.08412470706548952,0.03964928667935115,0.04684217195444987,0.08341441621013496,0.6894410400390625
2,118eb5d8b75e1b8ac23a4e9ae77af9a9_A_1140,0.04577171917086916,0.041474902304066724,0.07385662574379101,True,0.035790479337894816,0.03243065064725902,0.05775103241767939,0.04430775837172603,0.040148370720343995,0.07149439843827372,0.04386992330140671,0.03975163738596784,0.070787913702462,0.7872340698242187
2,118eb5d8b75e1b8ac23a4e9ae77af9a9_A_1140,0.05350508383054698,0.03974660282581514,0.07077894838598561,True,0.04029924854506717,0.02993656137746525,0.053309671316445366,0.05071550596621679,0.03767434659355938,0.06708876843405008,0.05057073849688288,0.03756680512845419,0.06689726346842093,0.8694517211914062
2,118eb5d8b75e1b8ac23a4e9ae77af9a9_A_1140,0.10257843634745437,0.06525608333203406,0.11620507479018471,True,0.05100017859396879,0.03244416685202512,0.05777510146236496,0.09303065549244598,0.05918218705036308,0.10538895565401037,0.09932646024852955,0.06318731302453573,0.11252110241502158,0.9395404663085938
2,118eb5d8b75e1b8ac23a4e9ae77af9a9_A_1140,0.1899240256200192,0.10665367295699363,0.1899240256200192,True,0.062021369259156196,0.03482869959035736,0.062021369259156196,0.18976616582186115,0.10656502526099601,0.18976616582186115,0.19745123258168315,0.11088064880666881,0.19745123258168315,1.0
0,dfec8ed3237860eba14d67c089ecd041_D_1750,0.002764124891922925,0.2601752091573618,0.5466601948396317,False,0.0024141484888768262,0.22723343285458583,0.47744546100560475,0.002723513421298909,0.2563526257803708,0.5386284758283375,0.0026868991773533685,0.2529062841897626,0.5313872872019978,0.07110826873779297
0,dfec8ed3237860eba14d67c089ecd041_D_1750,0.0158472359844785,0.13009419623728033,0.27334394730730494,True,0.014114755092626123,0.11587179749577523,0.2434609338860851,0.015584773027818959,0.1279395676684797,0.2688168070119542,0.015429627820320336,0.12666593918907998,0.2661407565344437,0.24078089904785155
0,dfec8ed3237860eba14d67c089ecd041_D_1750,0.0355236141945854,0.09347613141447327,0.1964048779950604,True,0.03086749510972668,0.08122411231884784,0.17066187516367798,0.03489904978219139,0.09183266504953776,0.1929517525178954,0.03459574543900858,0.09103455603713163,0.19127482707354487,0.4252873229980469
0,dfec8ed3237860eba14d67c089ecd041_D_1750,0.05186246440666044,0.07565719817442763,0.15896510212868975,True,0.04327174934991813,0.06312502410703943,0.1326334591576678,0.05094637065353435,0.0743207964546182,0.15615715733294566,0.050515831311561496,0.07369272371086823,0.15483749905503433,0.5711835327148438
0,dfec8ed3237860eba14d67c089ecd041_D_1750,0.06664617337478006,0.06673127385902886,0.1402106345482353,True,0.05363559352599989,0.053704080803677,0.11283889564614459,0.06539215681645763,0.06547565604723658,0.1375724267041385,0.06493275212532583,0.06501566474235486,0.13660592825424547,0.6894410400390625
0,dfec8ed3237860eba14d67c089ecd041_D_1750,0.08153464790422726,0.06261565072721682,0.13156320287936293,True,0.06564101792702938,0.05040991967887992,0.10591745694279166,0.08011088462909517,0.061522252199775765,0.12926583775382255,0.07942308989206628,0.06099405080156275,0.1281560214873271,0.7872340698242187
0,dfec8ed3237860eba14d67c089ecd041_D_1750,0.09487645053558744,0.059733222692242495,0.12550686616567838,True,0.0767152797170934,0.048299139158035534,0.1014824468027956,0.09258410102316135,0.058289983372672466,0.12247444239943407,0.09215769971347974,0.05802152555997296,0.12191037943328202,0.8694517211914062
0,dfec8ed3237860eba14d67c089ecd041_D_1750,0.12034859962699467,0.06488712345858551,0.13633584716751215,True,0.0989052572430859,0.053325735881647615,0.11204394631387338,0.11745633703427469,0.06332773182037674,0.13305937305787127,0.11709488088943334,0.06313284920796682,0.13264990065957513,0.9395404663085938
0,dfec8ed3237860eba14d67c089ecd041_D_1750,0.40695322638485154,0.193683648071363,0.40695322638485154,True,0.2432777005387317,0.11578459016858679,0.2432777005387317,0.4281654740556643,0.20377931815407407,0.4281654740556643,0.47438242566326594,0.22577562438714624,0.47438242566326594,1.0
1,dfec8ed3237860eba14d67c089ecd041_D_1750,0.0030487357453569818,0.2962475414463624,0.6029476024912804,False,0.0028649405814655505,0.2783880514871262,0.5665984851279275,0.003034693163506221,0.29488301506680237,0.6001704050668731,0.0030210706861563867,0.2935593105019043,0.5974762915903008,0.07110826873779297
1,dfec8ed3237860eba14d67c089ecd041_D_1750,0.018466842210032988,0.15650339286965032,0.31852870424442564,True,0.016516485081637524,0.1399744430670921,0.2848876127217957,0.018364688095281367,0.1556376538671511,0.3167666803187871,0.018293295320304635,0.15503261206394733,0.3155352489865046,0.24078089904785155
1,dfec8ed3237860eba14d67c089ecd041_D_1750,0.04046705630148738,0.10992890981267371,0.22373644787878344,True,0.034629088208338925,0.09407004765033267,0.1914591743785931,0.040173820289846805,0.10913233309018353,0.22211518876999595,0.03999784070569741,0.10865428389157848,0.22114222333452083,0.4252873229980469
1,dfec8ed3237860eba14d67c089ecd041_D_1750,0.05813258076264942,0.08754743560668447,0.17818381258319238,True,0.04801682310927631,0.07231314478124569,0.14717771854437886,0.05760527458113945,0.08675331459287233,0.1765675515366761,0.057395008063769265,0.08643665405332279,0.1759230577049541,0.5711835327148438
1,dfec8ed3237860eba14d67c089ecd041_D_1750,0.07359383144430852,0.07607156171394808,0.154827160857627,True,0.060846044355766314,0.06289458678017046,0.1280082870009222,0.07272686759256584,0.07517540923951802,0.15300323690779039,0.0724274162458397,0.07486587607409177,0.15237324929987944,0.6894410400390625
1,dfec8ed3237860eba14d67c089ecd041_D_1750,0.09000895246283411,0.07135971834442109,0.1452372258691366,True,0.07584110642393899,0.060127352282832516,0.12237618150713478,0.08884181371716784,0.07043440269658047,0.14335394660649944,0.08850628120950185,0.07016839021018549,0.14281253589935394,0.7872340698242187
1,dfec8ed3237860eba14d67c089ecd041_D_1750,0.10884801024126824,0.07074646325840928,0.1439890781814929,True,0.09454102729125081,0.0614475478132067,0.12506315310518581,0.1067949040041017,0.06941203367488855,0.14127313625620627,0.10664835918497662,0.06931678592861408,0.1410792801317689,0.8694517211914062
1,dfec8ed3237860eba14d67c089ecd041_D_1750,0.15431239014335482,0.08589047415142924,0.17481142700325164,True,0.12364804631165435,0.0688226610691456,0.14007359617606996,0.1505719736167991,0.08380855351828201,0.17057412920761567,0.15083204434826483,0.08395330922077453,0.1708687480366486,0.9395404663085938
1,dfec8ed3237860eba14d67c089ecd041_D_1750,0.317324168302756,0.1559115656365226,0.317324168302756,True,0.17608439976444262,0.08651592659418353,0.17608439976444262,0.3136470176618346,0.15410486330882467,0.3136470176618346,0.3202294135907052,0.15733900604808973,0.3202294135907052,1.0
2,dfec8ed3237860eba14d67c089ecd041_D_1750,0.0029552905307074643,0.32097769026284745,0.5844669689293145,False,0.002659354139014068,0.2888356796945233,0.5259397127926694,0.0029270661451433026,0.31791220550142063,0.5788850402122658,0.002895432727170132,0.3144764615937931,0.572628908123883,0.07110826873779297
2,dfec8ed3237860eba14d67c089ecd041_D_1750,0.015201893448062869,0.14400199080928994,0.2622126385767521,True,0.013104015408539055,0.12412955747073008,0.22602700564654238,0.014988259228491065,0.14197831178348744,0.2585277296806601,0.01480457160628424,0.140238305949663,0.25535936014450356,0.24078089904785155
2,dfec8ed3237860eba14d67c089ecd041_D_1750,0.029652848289765072,0.09003604639345622,0.16394627018117564,True,0.02508896022254344,0.07617854327134507,0.13871319918463265,0.02923663670780613,0.08877228768344782,0.16164509709312774,0.028928948724301014,0.08783804321266835,0.15994393514125407,0.4252873229980469
2,dfec8ed3237860eba14d67c089ecd041_D_1750,0.03903252678890037,0.06570375426450459,0.1196396985435484,True,0.03262774171448665,0.05492253000704983,0.10000821120266282,0.03823900609250596,0.06436801473829686,0.11720745588044491,0.03791940045126604,0.06383002009021406,0.11622782361688276,0.5711835327148438
2,dfec8ed3237860eba14d67c089ecd041_D_1750,0.04746631953997651,0.054841101638818245,0.09985993861858944,True,0.03841626573626863,0.044384952409301584,0.0808203790721185,0.04639649947941491,0.053605064987038396,0.0976092445134642,0.046018181562577205,0.05316796829342159,0.09681333692425438,0.6894410400390625
2,dfec8ed3237860eba14d67c089ecd041_D_1750,0.05788465348454866,0.05129447048469786,0.09340189239468666,True,0.0451682453697868,0.04002582877315786,0.07288286859679947,0.05581256502865109,0.049458289843639126,0.09005839854373567,0.05541868837271547,0.04910925614841464,0.08942284450963753,0.7872340698242187
2,dfec8ed3237860eba14d67c089ecd041_D_1750,0.07928484660232628,0.057598891127273,0.10488158626625725,True,0.06268381225359015,0.045538564204411616,0.08292098609143167,0.07723728555754039,0.05611137805574481,0.10217297977261944,0.0770752734855794,0.0559936794526184,0.10195866286554663,0.8694517211914062
2,dfec8ed3237860eba14d67c089ecd041_D_1750,0.10422293176510007,0.06484062330031878,0.11806802688620172,True,0.0803932481290399,0.05001536830275261,0.09107278044107951,0.09901231555946151,0.06159892210433033,0.1121652263811499,0.09786074963994307,0.06088249386029217,0.11086068510943273,0.9395404663085938
2,dfec8ed3237860eba14d67c089ecd041_D_1750,0.1450957978620944,0.07968374012638607,0.1450957978620944,True,0.12236993852902776,0.06720314802153386,0.12236993852902776,0.13810044215751188,0.07584202924110338,0.13810044215751188,0.1383376614060062,0.07597230535680428,0.1383376614060062,1.0
