clip,chunk,sigma,role,whole_velocity_cosine,delta_cosine,delta_norm_ratio,delta_relative_error,response_relative_velocity
118eb5d8b75e1b8ac23a4e9ae77af9a9_A_1140,0,0.9395404663085938,baseline,0.9937461803888269,-0.25875945244853715,0.6427492257618077,1.3212726602246578,0.03326564448614016
118eb5d8b75e1b8ac23a4e9ae77af9a9_A_1140,0,0.9395404663085938,candidate,0.9999999999999553,1.0000000000001656,1.0,0.0,0.05233699745944215
118eb5d8b75e1b8ac23a4e9ae77af9a9_A_1140,0,0.6894410400390625,baseline,0.9961747577944393,0.004397408596115721,0.8161418295342731,1.287986672183291,0.016216565574522012
118eb5d8b75e1b8ac23a4e9ae77af9a9_A_1140,0,0.6894410400390625,candidate,0.999999999999956,1.0000000000001286,1.0,0.0,0.020115851486459942
118eb5d8b75e1b8ac23a4e9ae77af9a9_A_1140,0,0.24078089904785155,baseline,0.9877538808997681,-0.0005462920787074422,0.7153784577725576,1.2298568815169086,0.012466154380840457
118eb5d8b75e1b8ac23a4e9ae77af9a9_A_1140,0,0.24078089904785155,candidate,0.9999999999999607,1.0000000000000733,1.0,0.0,0.017576417956022616
118eb5d8b75e1b8ac23a4e9ae77af9a9_A_1140,1,0.9395404663085938,baseline,0.9927209392343395,-0.010658854369585791,0.6119623513048997,1.177940386683037,0.011440322799053375
118eb5d8b75e1b8ac23a4e9ae77af9a9_A_1140,1,0.9395404663085938,candidate,0.9976750038304061,-0.11906081522526261,1.024690037905953,1.5145925314473898,0.01943428525748678
118eb5d8b75e1b8ac23a4e9ae77af9a9_A_1140,1,0.6894410400390625,baseline,0.9975814795835535,-0.06600603299058037,0.6255426997268261,1.2140357710264913,0.008756174788812
118eb5d8b75e1b8ac23a4e9ae77af9a9_A_1140,1,0.6894410400390625,candidate,0.9984396978891064,0.00815192502976179,1.0228617315740425,1.4246296141858508,0.014453933763563305
118eb5d8b75e1b8ac23a4e9ae77af9a9_A_1140,1,0.24078089904785155,baseline,0.9968336262121671,0.013589196255920925,0.7203777697310271,1.224485778333131,0.010216139967896531
118eb5d8b75e1b8ac23a4e9ae77af9a9_A_1140,1,0.24078089904785155,candidate,0.9984893344635754,-0.003997138788451206,1.0655523051682663,1.4642131115208525,0.015220312847984181
118eb5d8b75e1b8ac23a4e9ae77af9a9_A_1140,2,0.9395404663085938,baseline,0.997181048333482,0.1133265474444729,0.492364388634925,1.063403394154178,0.004520358452141509
118eb5d8b75e1b8ac23a4e9ae77af9a9_A_1140,2,0.9395404663085938,candidate,0.9977664792892609,-0.2112496028130939,1.3254237162189326,1.821191504135726,0.012448181025036162
118eb5d8b75e1b8ac23a4e9ae77af9a9_A_1140,2,0.6894410400390625,baseline,0.9983585108901871,0.005936683040635551,0.5696208551132386,1.147913150739043,0.004807657900928268
118eb5d8b75e1b8ac23a4e9ae77af9a9_A_1140,2,0.6894410400390625,candidate,0.9983107519120011,0.00592873800330844,1.0605485941475783,1.4533368126623099,0.008994620731120997
118eb5d8b75e1b8ac23a4e9ae77af9a9_A_1140,2,0.24078089904785155,baseline,0.9960081762199624,0.0058918344505879015,0.7922614985506171,1.2721409257246603,0.009536367486157377
118eb5d8b75e1b8ac23a4e9ae77af9a9_A_1140,2,0.24078089904785155,candidate,0.9981689011773686,0.01994524770655271,1.250760937143098,1.5857204824485978,0.015216539812451055
dfec8ed3237860eba14d67c089ecd041_D_1750,0,0.9395404663085938,baseline,0.9926028394113958,0.061457595078083564,0.5763102442287386,1.1230744473740697,0.02184458801968201
dfec8ed3237860eba14d67c089ecd041_D_1750,0,0.9395404663085938,candidate,0.9999999999999576,1.0000000000001465,1.0,0.0,0.0385595187457638
dfec8ed3237860eba14d67c089ecd041_D_1750,0,0.6894410400390625,baseline,0.9951818019921563,0.06231465401393128,1.0088669327405895,1.3755282986029724,0.017789260703021604
dfec8ed3237860eba14d67c089ecd041_D_1750,0,0.6894410400390625,candidate,0.9999999999999545,1.0000000000000644,1.0,0.0,0.01788005085762236
dfec8ed3237860eba14d67c089ecd041_D_1750,0,0.24078089904785155,baseline,0.9855221212452099,0.011538246919763427,0.6264441886351622,1.173872303964478,0.013433412835577948
dfec8ed3237860eba14d67c089ecd041_D_1750,0,0.24078089904785155,candidate,0.9999999999999558,1.000000000000117,1.0,0.0,0.021483404076295624
dfec8ed3237860eba14d67c089ecd041_D_1750,1,0.9395404663085938,baseline,0.992265620121934,0.14218344896652155,0.7535483096136167,1.163422047098126,0.015397744353112551
dfec8ed3237860eba14d67c089ecd041_D_1750,1,0.9395404663085938,candidate,0.9972197642164125,0.1554479105887572,0.9171039074938524,1.247379575235652,0.018937826874737513
dfec8ed3237860eba14d67c089ecd041_D_1750,1,0.6894410400390625,baseline,0.9974996944774326,0.0646592926990584,0.6943173674465214,1.1799527392918423,0.008296549838361275
dfec8ed3237860eba14d67c089ecd041_D_1750,1,0.6894410400390625,candidate,0.9990606666774708,0.11946814283357501,0.9323850702218927,1.2831840451324241,0.011278667632687102
dfec8ed3237860eba14d67c089ecd041_D_1750,1,0.24078089904785155,baseline,0.9979653142724867,0.02624074256623602,0.7497097959139074,1.2339849652979251,0.009368705230025835
dfec8ed3237860eba14d67c089ecd041_D_1750,1,0.24078089904785155,candidate,0.9991189177389246,0.04302370228165958,1.0209293977301153,1.3980159191627757,0.012905088629752898
dfec8ed3237860eba14d67c089ecd041_D_1750,2,0.9395404663085938,baseline,0.9922929885801676,-0.020854688225215898,0.3455995560162094,1.0648257111384725,0.010041187637087062
dfec8ed3237860eba14d67c089ecd041_D_1750,2,0.9395404663085938,candidate,0.9919160346547273,0.10732292034971297,0.48874618864731834,1.0648781622168801,0.014410229429080124
dfec8ed3237860eba14d67c089ecd041_D_1750,2,0.6894410400390625,baseline,0.9977778315109653,0.09232911763700051,0.6924346745250386,1.162584196281832,0.008624237624671212
dfec8ed3237860eba14d67c089ecd041_D_1750,2,0.6894410400390625,candidate,0.9979177299663726,-0.04920427931137656,0.9437401522895135,1.4083740920453585,0.011920748837322132
dfec8ed3237860eba14d67c089ecd041_D_1750,2,0.24078089904785155,baseline,0.997718989041848,-0.0213143074352861,1.0115267611630494,1.43746525985218,0.010480613104286288
dfec8ed3237860eba14d67c089ecd041_D_1750,2,0.24078089904785155,candidate,0.9990782162937681,0.026803533597767285,1.3436455503245939,1.6532859606262276,0.014135522728172895
