variant,action,chunk,noise_region,sigma,target_sigma,reference_substeps,self_consistency_velocity_relative_rmse,self_consistency_endpoint_rmse,reference_refinement_rmse,finite_rmse_to_teacher_at_r,diagonal_rmse_to_teacher_at_r,finite_t_to_zero_rmse_to_teacher_clean,frozen128_training_target_velocity_rmse,seconds
initial128,A,0,high,1.0,0.9395404663085938,8,0.041039954451647834,0.0034143048258110324,0.00082745764358975,0.018611553475796634,0.01828429471573493,0.739892258529289,,63.42643220536411
initial128,A,0,middle,0.6894410400390625,0.5711835327148438,8,0.029129661500699875,0.00483884469156749,0.0005961693273782589,0.02311308508746138,0.02179104413676917,0.21597038635432964,,55.53738079033792
initial128,A,0,low,0.24078089904785155,0.0,16,0.1787445187755257,0.05535647710983865,0.004659930752662643,0.06424705423737088,0.06759998797651516,0.06424705423737088,0.22990390691407864,95.92206049989909
initial128,A,1,high,1.0,0.9395404663085938,8,0.08152287698902391,0.00663456689830838,0.0009303088841717763,0.01935359077598201,0.019190357293285647,0.8389562890210676,,60.505154381040484
initial128,A,1,middle,0.6894410400390625,0.5711835327148438,8,0.028939587823349305,0.00469273246643472,0.0005975517344669767,0.0242271059746322,0.022506964609084447,0.20672080999493087,,60.46829836303368
initial128,A,1,low,0.24078089904785155,0.0,16,0.1645199172244651,0.04959938599495198,0.004749804295866755,0.05497169007092809,0.06249386630379676,0.05497169007092809,0.20599382613108597,109.33366355020553
initial128,A,2,high,1.0,0.9395404663085938,8,0.028832463974868824,0.002296322353325998,0.00048146328119058753,0.011276660958999788,0.010340494362159055,0.2911461161918838,,53.230911205057055
initial128,A,2,middle,0.6894410400390625,0.5711835327148438,8,0.029236790035278532,0.004635397291949477,0.0004646968394384462,0.021772111388758196,0.019721177240538044,0.2271963524882081,,53.44223059620708
initial128,A,2,low,0.24078089904785155,0.0,16,0.19560874315654148,0.057787480316744515,0.005083437856380699,0.056329085375448486,0.05513335956478537,0.056329085375448486,0.24000023365352174,97.07004054402933
initial128,D,0,high,1.0,0.9395404663085938,8,0.07910808190222797,0.006649610813785833,0.001149913099998854,0.01643874111852652,0.013133933342493251,0.7505878348301488,,68.76996817206964
initial128,D,0,middle,0.6894410400390625,0.5711835327148438,8,0.029601094998744505,0.004928766224026109,0.0006638935859675577,0.022833429428314532,0.021416166197958074,0.2168622985561777,,54.34251491492614
initial128,D,0,low,0.24078089904785155,0.0,16,0.16937847401872255,0.052515145118364887,0.004690959483703704,0.06189727709182342,0.06737176407350114,0.06189727709182342,0.21810342001419392,96.52940932381898
initial128,D,1,high,1.0,0.9395404663085938,8,0.0705386049962109,0.005832271999713442,0.0007931052577474784,0.01626448651906965,0.0148789080576319,0.8942275285776143,,59.43002384528518
initial128,D,1,middle,0.6894410400390625,0.5711835327148438,8,0.02981554944775679,0.004844668912369502,0.0006599471168358426,0.0266942676522357,0.024829519916639963,0.21795074464426625,,60.25804378092289
initial128,D,1,low,0.24078089904785155,0.0,16,0.1746597305898008,0.051783211491644436,0.005078595101189622,0.05720952344306204,0.07007707885761108,0.05720952344306204,0.2150635893977994,108.783623423893
initial128,D,2,high,1.0,0.9395404663085938,8,0.02125091749526073,0.00168889098134903,0.00038923717724371646,0.014642595838069742,0.014033868564770261,0.34418583282184195,,53.71089462283999
initial128,D,2,middle,0.6894410400390625,0.5711835327148438,8,0.029268835689113225,0.004633959751123205,0.000532474133352752,0.025446492655128695,0.02328710220306276,0.2324099379718156,,54.181433148216456
initial128,D,2,low,0.24078089904785155,0.0,16,0.2041423785490978,0.05853217370946119,0.0053965263730328325,0.058158288989772274,0.06668321514682764,0.058158288989772274,0.24309306165218872,97.0183522971347
control136,A,0,high,1.0,0.9395404663085938,8,0.042019411037911555,0.003493014180163902,0.0009530344250303282,0.01852400371636736,0.0178695343816487,0.7350642926620061,,78.70644779177383
control136,A,0,middle,0.6894410400390625,0.5711835327148438,8,0.02889508368408674,0.004794833147467633,0.0005851649440103177,0.022969657645855898,0.02163413134622764,0.2132342911589397,,65.3448622841388
control136,A,0,low,0.24078089904785155,0.0,16,0.17775792454535316,0.054968337879610966,0.004680116567468037,0.06400117224863916,0.0681042148839199,0.06400117224863916,0.22602707851284282,124.68550981022418
control136,A,1,high,1.0,0.9395404663085938,8,0.08110021428449406,0.006603475978144166,0.0008718479608650298,0.019297706783217627,0.019080230525002285,0.8178327364724777,,68.38137675635517
control136,A,1,middle,0.6894410400390625,0.5711835327148438,8,0.028790241282889935,0.004664031338577247,0.000597732760680051,0.024117985895093595,0.022372146980428952,0.20455685499067242,,72.50275457417592
control136,A,1,low,0.24078089904785155,0.0,16,0.16483239633255206,0.04961855954881444,0.004765172992465204,0.05484276997730493,0.06311447456843225,0.05484276997730493,0.2032819986642602,111.52373760007322
control136,A,2,high,1.0,0.9395404663085938,8,0.028219902251803083,0.002249042464272393,0.00045725987849307246,0.011132779281352072,0.010206593790864077,0.2893933753714533,,56.65320766204968
control136,A,2,middle,0.6894410400390625,0.5711835327148438,8,0.028988702915796506,0.004593894996011111,0.00044644691695998686,0.021682252352812185,0.019627302923438283,0.22488435438110557,,56.862140469718724
control136,A,2,low,0.24078089904785155,0.0,16,0.1948971056388439,0.057530319811888296,0.005097442250954529,0.05607631670700471,0.05561126643650466,0.05607631670700471,0.23807621446428948,91.3710764432326
control136,D,0,high,1.0,0.9395404663085938,8,0.07862208265142615,0.006602590548964132,0.0010504903707625065,0.0165174021020497,0.013219053400582166,0.7430884543401862,,68.68726755212992
control136,D,0,middle,0.6894410400390625,0.5711835327148438,8,0.029249308337468295,0.004865465281233347,0.0006728161160448394,0.022743594144807092,0.021286368285120608,0.21358624932703757,,57.00748121924698
control136,D,0,low,0.24078089904785155,0.0,16,0.16959765723796233,0.05250541476237535,0.004650232764630138,0.061826052234705026,0.0679246778975894,0.061826052234705026,0.2157287499453748,103.63600013684481
control136,D,1,high,1.0,0.9395404663085938,8,0.06842622678210757,0.005658376896663688,0.0008201544298347175,0.016171196096052495,0.014850235878026766,0.8839762506805094,,62.087641063611954
control136,D,1,middle,0.6894410400390625,0.5711835327148438,8,0.029691997531732645,0.004819803670532623,0.0006794147489648866,0.026610386463208912,0.02471684030050764,0.21676080954270563,,62.848600609228015
control136,D,1,low,0.24078089904785155,0.0,16,0.17540343221410795,0.05192156545445514,0.00507741207962293,0.05722035005753056,0.07083726370639025,0.05722035005753056,0.2121999450153453,111.08695420296863
control136,D,2,high,1.0,0.9395404663085938,8,0.02172509917020889,0.0017265662095406443,0.0003804961185157985,0.014634815087353883,0.01400145269183771,0.34303029150692677,,54.84992490103468
control136,D,2,middle,0.6894410400390625,0.5711835327148438,8,0.0290169449017827,0.004590349861338961,0.0005306543105420661,0.02530596976647402,0.02316388718436249,0.22999177610242105,,55.397874326910824
control136,D,2,low,0.24078089904785155,0.0,16,0.20544487098973316,0.05880905247843835,0.0053644858722385015,0.05812457399133003,0.06730869227084453,0.05812457399133003,0.24126044939966831,101.37164992978796
auxiliary136,A,0,high,1.0,0.9395404663085938,8,0.04237722905207139,0.0035194392577520333,0.0008203707590776063,0.018513588196925144,0.017819475135948903,0.7326652120594517,,62.28358032274991
auxiliary136,A,0,middle,0.6894410400390625,0.5711835327148438,8,0.028938130056904827,0.004797354019616608,0.0005952226983614729,0.02283193047008758,0.02152244474536137,0.21180370093847475,,53.46776493312791
auxiliary136,A,0,low,0.24078089904785155,0.0,16,0.1755458372943816,0.054120789735403775,0.004751496306032353,0.06387083813052202,0.06969448414680404,0.06387083813052202,0.2163988464414808,96.01586309121922
auxiliary136,A,1,high,1.0,0.9395404663085938,8,0.07856494509876777,0.006386333862950411,0.0008213880738790326,0.01918130707868484,0.01894265055894131,0.8446513709019575,,61.76264027087018
auxiliary136,A,1,middle,0.6894410400390625,0.5711835327148438,8,0.02875551823653569,0.0046532163989207185,0.0006079840533084465,0.02393601149230067,0.022219667337027137,0.20206136484669515,,62.423826487734914
auxiliary136,A,1,low,0.24078089904785155,0.0,16,0.16291504477107324,0.0488645400730942,0.004777109286303585,0.0547137261643153,0.06491323616504102,0.0547137261643153,0.19175446463588536,106.92591593926772
auxiliary136,A,2,high,1.0,0.9395404663085938,8,0.028438684799861867,0.002264883916986432,0.00046530015742698777,0.011080631070391315,0.010172110775888822,0.28726313205218096,,55.4533572178334
auxiliary136,A,2,middle,0.6894410400390625,0.5711835327148438,8,0.028910583087141322,0.004576811774853246,0.0004380285376310055,0.02146632411543657,0.019486642061884437,0.222540000937859,,56.53745189495385
auxiliary136,A,2,low,0.24078089904785155,0.0,16,0.19193991693717832,0.05639265723420956,0.005149893331494838,0.05478034805480283,0.05754885085231333,0.05478034805480283,0.22398302386943114,94.69152707187459
auxiliary136,D,0,high,1.0,0.9395404663085938,8,0.07575290985759309,0.006355144505835885,0.0009682824679104746,0.016350422009044602,0.01319868265263812,0.7443485494698706,,69.62073167972267
auxiliary136,D,0,middle,0.6894410400390625,0.5711835327148438,8,0.029116053555842167,0.004837894575803785,0.0007177138963811573,0.022585450112700065,0.02117845800621581,0.21214808046112307,,59.725374962203205
auxiliary136,D,0,low,0.24078089904785155,0.0,16,0.16615535025474729,0.05127748553699846,0.00468923204297265,0.0615867317554035,0.06963385761727317,0.0615867317554035,0.20426179164839203,106.0712834331207
auxiliary136,D,1,high,1.0,0.9395404663085938,8,0.0676945137365766,0.005589552564824383,0.0008098651613278668,0.016080231419397878,0.014784156482036181,0.8828861252781672,,64.94038806809112
auxiliary136,D,1,middle,0.6894410400390625,0.5711835327148438,8,0.02952942813725124,0.0047866845278781486,0.0006549063905556909,0.026393649883367256,0.02452847604869638,0.21375777522644673,,68.6198868858628
auxiliary136,D,1,low,0.24078089904785155,0.0,16,0.17420346839214546,0.05136212279747708,0.005093563400073028,0.057317634046794914,0.07284283788962889,0.057317634046794914,0.2004286347445633,121.85740267718211
auxiliary136,D,2,high,1.0,0.9395404663085938,8,0.02194120863173026,0.0017420112790491155,0.00039673332749765744,0.014589139385576853,0.013952354950513939,0.3405652798476065,,62.99924678495154
auxiliary136,D,2,middle,0.6894410400390625,0.5711835327148438,8,0.029146545211309022,0.004605018967398824,0.0005365115972897532,0.02503118974681111,0.022939900979085378,0.2271636864070889,,62.55894742626697
auxiliary136,D,2,low,0.24078089904785155,0.0,16,0.20340885181659565,0.057986311149553,0.005373132419603505,0.057646802395913736,0.069285587435907,0.057646802395913736,0.22874733743701087,106.88653814885765
