clip,chunk,sigma,noise_band,initial_raw,shift12_raw,shift2_22_raw,candidate_minus_control
118eb5d8b75e1b8ac23a4e9ae77af9a9_A_1140,2,0.592182993888855,mid,0.10590755939483643,0.10372695326805115,0.10279915481805801,-0.0009277984499931335
118eb5d8b75e1b8ac23a4e9ae77af9a9_A_1140,2,0.2961868345737457,mid,0.22736576199531555,0.22455090284347534,0.22207023203372955,-0.0024806708097457886
118eb5d8b75e1b8ac23a4e9ae77af9a9_A_1140,2,0.9297062158584595,high,0.07580781728029251,0.07091765105724335,0.07245974242687225,0.0015420913696289062
118eb5d8b75e1b8ac23a4e9ae77af9a9_A_1140,2,0.30199578404426575,mid,0.22328078746795654,0.22046874463558197,0.21813304722309113,-0.0023356974124908447
dfec8ed3237860eba14d67c089ecd041_D_1750,2,0.592182993888855,mid,0.11384204775094986,0.11153906583786011,0.11066705733537674,-0.0008720085024833679
dfec8ed3237860eba14d67c089ecd041_D_1750,2,0.2961868345737457,mid,0.22476181387901306,0.22202664613723755,0.21953338384628296,-0.00249326229095459
dfec8ed3237860eba14d67c089ecd041_D_1750,2,0.9297062158584595,high,0.10826462507247925,0.10593024641275406,0.10649596899747849,0.0005657225847244263
dfec8ed3237860eba14d67c089ecd041_D_1750,2,0.30199578404426575,mid,0.2223508656024933,0.21915200352668762,0.21702304482460022,-0.0021289587020874023
118eb5d8b75e1b8ac23a4e9ae77af9a9_D_1750,2,0.592182993888855,mid,0.08898809552192688,0.08712683618068695,0.08665837347507477,-0.0004684627056121826
118eb5d8b75e1b8ac23a4e9ae77af9a9_D_1750,2,0.2961868345737457,mid,0.19144003093242645,0.18903255462646484,0.18678630888462067,-0.0022462457418441772
118eb5d8b75e1b8ac23a4e9ae77af9a9_D_1750,2,0.9297062158584595,high,0.060913242399692535,0.056187476962804794,0.05570575222373009,-0.00048172473907470703
118eb5d8b75e1b8ac23a4e9ae77af9a9_D_1750,2,0.30199578404426575,mid,0.18591079115867615,0.18334528803825378,0.1815636307001114,-0.001781657338142395
dfec8ed3237860eba14d67c089ecd041_A_1080,2,0.592182993888855,mid,0.11833042651414871,0.11580103635787964,0.11514506489038467,-0.0006559714674949646
dfec8ed3237860eba14d67c089ecd041_A_1080,2,0.2961868345737457,mid,0.23876173794269562,0.23601940274238586,0.23404239118099213,-0.001977011561393738
dfec8ed3237860eba14d67c089ecd041_A_1080,2,0.9297062158584595,high,0.10020976513624191,0.09451568871736526,0.09506841003894806,0.0005527213215827942
dfec8ed3237860eba14d67c089ecd041_A_1080,2,0.30199578404426575,mid,0.236794576048851,0.23395349085330963,0.23215259611606598,-0.0018008947372436523
