clip,sigma,role,whole_velocity_cosine,delta_cosine,delta_norm_ratio,delta_relative_error,student_delta_relative_to_velocity,teacher_delta_relative_to_velocity,state_sha256,anchor_sha256,pair_sha256
118eb5d8b75e1b8ac23a4e9ae77af9a9_A_1140,0.9395404663085938,own_common,0.9999999999999553,1.0000000000001656,1.0,0.0,0.05233699745944215,0.05233699745944215,06aa5f991a7ff76648c48a9728cc8521dee66f92b57c9327396c9e55047de0c0,09822d51fddeb36417143129cd71e72dbcc551599013d7bc6b43ef80b81f6e54,e44cd835fbfd950c134529c0c62fea982a9674acd24fdd41c32b293d7c39e2b9
118eb5d8b75e1b8ac23a4e9ae77af9a9_A_1140,0.9395404663085938,own_static,0.9922045283169625,-0.30425445272366153,1.1425064482343197,1.732208513008326,0.05919911004249904,0.05233699745944215,06aa5f991a7ff76648c48a9728cc8521dee66f92b57c9327396c9e55047de0c0,09822d51fddeb36417143129cd71e72dbcc551599013d7bc6b43ef80b81f6e54,e44cd835fbfd950c134529c0c62fea982a9674acd24fdd41c32b293d7c39e2b9
118eb5d8b75e1b8ac23a4e9ae77af9a9_A_1140,0.9395404663085938,causal_common,0.9975637651371947,0.051223547860678925,0.7251983956566764,1.2048312095917268,0.03804059821059583,0.05233699745944215,06aa5f991a7ff76648c48a9728cc8521dee66f92b57c9327396c9e55047de0c0,09822d51fddeb36417143129cd71e72dbcc551599013d7bc6b43ef80b81f6e54,e44cd835fbfd950c134529c0c62fea982a9674acd24fdd41c32b293d7c39e2b9
118eb5d8b75e1b8ac23a4e9ae77af9a9_A_1140,0.9395404663085938,causal_static,0.9937461803888269,-0.25875945244853715,0.6427492257618077,1.3212726602246578,0.03326564448614016,0.05233699745944215,06aa5f991a7ff76648c48a9728cc8521dee66f92b57c9327396c9e55047de0c0,09822d51fddeb36417143129cd71e72dbcc551599013d7bc6b43ef80b81f6e54,e44cd835fbfd950c134529c0c62fea982a9674acd24fdd41c32b293d7c39e2b9
118eb5d8b75e1b8ac23a4e9ae77af9a9_A_1140,0.6894410400390625,own_common,0.999999999999956,1.0000000000001286,1.0,0.0,0.020115851486459942,0.020115851486459942,61fb7ed6fc221b3fee61faa09899a218955c398485a03da73369d3cd6e1852e5,09822d51fddeb36417143129cd71e72dbcc551599013d7bc6b43ef80b81f6e54,e44cd835fbfd950c134529c0c62fea982a9674acd24fdd41c32b293d7c39e2b9
118eb5d8b75e1b8ac23a4e9ae77af9a9_A_1140,0.6894410400390625,own_static,0.996480025670252,0.043746681101459066,0.6819264444388637,1.1854786536357114,0.013576311515323031,0.020115851486459942,61fb7ed6fc221b3fee61faa09899a218955c398485a03da73369d3cd6e1852e5,09822d51fddeb36417143129cd71e72dbcc551599013d7bc6b43ef80b81f6e54,e44cd835fbfd950c134529c0c62fea982a9674acd24fdd41c32b293d7c39e2b9
118eb5d8b75e1b8ac23a4e9ae77af9a9_A_1140,0.6894410400390625,causal_common,0.9994884038515981,0.2716721331801292,1.0630549878834605,1.245985984982105,0.02133231553106243,0.020115851486459942,61fb7ed6fc221b3fee61faa09899a218955c398485a03da73369d3cd6e1852e5,09822d51fddeb36417143129cd71e72dbcc551599013d7bc6b43ef80b81f6e54,e44cd835fbfd950c134529c0c62fea982a9674acd24fdd41c32b293d7c39e2b9
118eb5d8b75e1b8ac23a4e9ae77af9a9_A_1140,0.6894410400390625,causal_static,0.9961747577944393,0.004397408596115721,0.8161418295342731,1.287986672183291,0.016216565574522012,0.020115851486459942,61fb7ed6fc221b3fee61faa09899a218955c398485a03da73369d3cd6e1852e5,09822d51fddeb36417143129cd71e72dbcc551599013d7bc6b43ef80b81f6e54,e44cd835fbfd950c134529c0c62fea982a9674acd24fdd41c32b293d7c39e2b9
118eb5d8b75e1b8ac23a4e9ae77af9a9_A_1140,0.24078089904785155,own_common,0.9999999999999607,1.0000000000000733,1.0,0.0,0.017576417956022616,0.017576417956022616,0b3877fd356f6f7a7c2f8fdb1b1727af36456a9edf7513f7efaee40db57d7be9,09822d51fddeb36417143129cd71e72dbcc551599013d7bc6b43ef80b81f6e54,e44cd835fbfd950c134529c0c62fea982a9674acd24fdd41c32b293d7c39e2b9
118eb5d8b75e1b8ac23a4e9ae77af9a9_A_1140,0.24078089904785155,own_static,0.9884840189678712,0.013784347306611103,0.6591242822261711,1.1900729487603976,0.011502184007917181,0.017576417956022616,0b3877fd356f6f7a7c2f8fdb1b1727af36456a9edf7513f7efaee40db57d7be9,09822d51fddeb36417143129cd71e72dbcc551599013d7bc6b43ef80b81f6e54,e44cd835fbfd950c134529c0c62fea982a9674acd24fdd41c32b293d7c39e2b9
118eb5d8b75e1b8ac23a4e9ae77af9a9_A_1140,0.24078089904785155,causal_common,0.9991824684587844,0.0986825475364983,1.2215386567023683,1.5003558233641516,0.021433805096583308,0.017576417956022616,0b3877fd356f6f7a7c2f8fdb1b1727af36456a9edf7513f7efaee40db57d7be9,09822d51fddeb36417143129cd71e72dbcc551599013d7bc6b43ef80b81f6e54,e44cd835fbfd950c134529c0c62fea982a9674acd24fdd41c32b293d7c39e2b9
118eb5d8b75e1b8ac23a4e9ae77af9a9_A_1140,0.24078089904785155,causal_static,0.9877538808997681,-0.0005462920787074422,0.7153784577725576,1.2298568815169086,0.012466154380840457,0.017576417956022616,0b3877fd356f6f7a7c2f8fdb1b1727af36456a9edf7513f7efaee40db57d7be9,09822d51fddeb36417143129cd71e72dbcc551599013d7bc6b43ef80b81f6e54,e44cd835fbfd950c134529c0c62fea982a9674acd24fdd41c32b293d7c39e2b9
dfec8ed3237860eba14d67c089ecd041_D_1750,0.9395404663085938,own_common,0.9999999999999576,1.0000000000001465,1.0,0.0,0.0385595187457638,0.0385595187457638,540084858302a1f1fead1668b0e585453fcc95004a70019caeddaa527323199f,6861927348ea3a3cfb251f406bad13bafb49de11d5379ce9ea9d8e8fc897e502,43ddc2a45c994cbe9618e12d4ae6821c95937fe9d5bca77d1a205001b617c0f4
dfec8ed3237860eba14d67c089ecd041_D_1750,0.9395404663085938,own_static,0.9920151412950016,-0.15468873650284512,0.5170064359506747,1.194673930198676,0.019565939478795126,0.0385595187457638,540084858302a1f1fead1668b0e585453fcc95004a70019caeddaa527323199f,6861927348ea3a3cfb251f406bad13bafb49de11d5379ce9ea9d8e8fc897e502,43ddc2a45c994cbe9618e12d4ae6821c95937fe9d5bca77d1a205001b617c0f4
dfec8ed3237860eba14d67c089ecd041_D_1750,0.9395404663085938,causal_common,0.9994943039337365,0.5709426804833049,0.6845159875323329,0.8288083926196282,0.02634751008943739,0.0385595187457638,540084858302a1f1fead1668b0e585453fcc95004a70019caeddaa527323199f,6861927348ea3a3cfb251f406bad13bafb49de11d5379ce9ea9d8e8fc897e502,43ddc2a45c994cbe9618e12d4ae6821c95937fe9d5bca77d1a205001b617c0f4
dfec8ed3237860eba14d67c089ecd041_D_1750,0.9395404663085938,causal_static,0.9926028394113958,0.061457595078083564,0.5763102442287386,1.1230744473740697,0.02184458801968201,0.0385595187457638,540084858302a1f1fead1668b0e585453fcc95004a70019caeddaa527323199f,6861927348ea3a3cfb251f406bad13bafb49de11d5379ce9ea9d8e8fc897e502,43ddc2a45c994cbe9618e12d4ae6821c95937fe9d5bca77d1a205001b617c0f4
dfec8ed3237860eba14d67c089ecd041_D_1750,0.6894410400390625,own_common,0.9999999999999545,1.0000000000000644,1.0,0.0,0.01788005085762236,0.01788005085762236,54e4e5ab612a14b233734b82e98492429e182b28509690c1819d98ff48c84da4,6861927348ea3a3cfb251f406bad13bafb49de11d5379ce9ea9d8e8fc897e502,43ddc2a45c994cbe9618e12d4ae6821c95937fe9d5bca77d1a205001b617c0f4
dfec8ed3237860eba14d67c089ecd041_D_1750,0.6894410400390625,own_static,0.9954630622598266,0.01770777622156952,0.6220938974233423,1.1683188854771052,0.010993473365215577,0.01788005085762236,54e4e5ab612a14b233734b82e98492429e182b28509690c1819d98ff48c84da4,6861927348ea3a3cfb251f406bad13bafb49de11d5379ce9ea9d8e8fc897e502,43ddc2a45c994cbe9618e12d4ae6821c95937fe9d5bca77d1a205001b617c0f4
dfec8ed3237860eba14d67c089ecd041_D_1750,0.6894410400390625,causal_common,0.9995933422845076,0.3176858342815868,1.1509617066354365,1.2623091499881893,0.020544579375298227,0.01788005085762236,54e4e5ab612a14b233734b82e98492429e182b28509690c1819d98ff48c84da4,6861927348ea3a3cfb251f406bad13bafb49de11d5379ce9ea9d8e8fc897e502,43ddc2a45c994cbe9618e12d4ae6821c95937fe9d5bca77d1a205001b617c0f4
dfec8ed3237860eba14d67c089ecd041_D_1750,0.6894410400390625,causal_static,0.9951818019921563,0.06231465401393128,1.0088669327405895,1.3755282986029724,0.017789260703021604,0.01788005085762236,54e4e5ab612a14b233734b82e98492429e182b28509690c1819d98ff48c84da4,6861927348ea3a3cfb251f406bad13bafb49de11d5379ce9ea9d8e8fc897e502,43ddc2a45c994cbe9618e12d4ae6821c95937fe9d5bca77d1a205001b617c0f4
dfec8ed3237860eba14d67c089ecd041_D_1750,0.24078089904785155,own_common,0.9999999999999558,1.000000000000117,1.0,0.0,0.021483404076295624,0.021483404076295624,ffdc57dad9c8fe731fd0efedc831e81f84dd55a140d62fc7fad8546836ca89ea,6861927348ea3a3cfb251f406bad13bafb49de11d5379ce9ea9d8e8fc897e502,43ddc2a45c994cbe9618e12d4ae6821c95937fe9d5bca77d1a205001b617c0f4
dfec8ed3237860eba14d67c089ecd041_D_1750,0.24078089904785155,own_static,0.9863964905437427,0.013977616209154711,0.5332948505897039,1.1267186943375556,0.011454172219601391,0.021483404076295624,ffdc57dad9c8fe731fd0efedc831e81f84dd55a140d62fc7fad8546836ca89ea,6861927348ea3a3cfb251f406bad13bafb49de11d5379ce9ea9d8e8fc897e502,43ddc2a45c994cbe9618e12d4ae6821c95937fe9d5bca77d1a205001b617c0f4
dfec8ed3237860eba14d67c089ecd041_D_1750,0.24078089904785155,causal_common,0.9993192670279244,0.1330508776830799,1.0869753791469596,1.3755978403737537,0.023339730067880156,0.021483404076295624,ffdc57dad9c8fe731fd0efedc831e81f84dd55a140d62fc7fad8546836ca89ea,6861927348ea3a3cfb251f406bad13bafb49de11d5379ce9ea9d8e8fc897e502,43ddc2a45c994cbe9618e12d4ae6821c95937fe9d5bca77d1a205001b617c0f4
dfec8ed3237860eba14d67c089ecd041_D_1750,0.24078089904785155,causal_static,0.9855221212452099,0.011538246919763427,0.6264441886351622,1.173872303964478,0.013433412835577948,0.021483404076295624,ffdc57dad9c8fe731fd0efedc831e81f84dd55a140d62fc7fad8546836ca89ea,6861927348ea3a3cfb251f406bad13bafb49de11d5379ce9ea9d8e8fc897e502,43ddc2a45c994cbe9618e12d4ae6821c95937fe9d5bca77d1a205001b617c0f4
