clip,chunk,sigma,velocity_cosine,delta_cosine,delta_norm_ratio,student_response_relative_to_velocity,teacher_response_relative_to_velocity,current_sha256,history_sha256
118eb5d8b75e1b8ac23a4e9ae77af9a9_A_1140,0,0.9395404663085938,0.9946151973759801,-0.36306582204944465,0.7406236633293917,0.038389829311089016,0.05233699745944215,06aa5f991a7ff76648c48a9728cc8521dee66f92b57c9327396c9e55047de0c0,757c6445aed8fa6311f3c313cd5551658a528c09caa86dc76c16ddeccc957d1c
118eb5d8b75e1b8ac23a4e9ae77af9a9_A_1140,0,0.6894410400390625,0.9966224806959935,0.023926442238930312,0.8323788175443972,0.016552910147421027,0.020115851486459942,61fb7ed6fc221b3fee61faa09899a218955c398485a03da73369d3cd6e1852e5,757c6445aed8fa6311f3c313cd5551658a528c09caa86dc76c16ddeccc957d1c
118eb5d8b75e1b8ac23a4e9ae77af9a9_A_1140,0,0.24078089904785155,0.9892554431651761,0.0002464996185697484,0.7103489837672878,0.012333607292662285,0.017576417956022616,0b3877fd356f6f7a7c2f8fdb1b1727af36456a9edf7513f7efaee40db57d7be9,757c6445aed8fa6311f3c313cd5551658a528c09caa86dc76c16ddeccc957d1c
118eb5d8b75e1b8ac23a4e9ae77af9a9_A_1140,1,0.9395404663085938,0.993929777429591,-0.001621812092183987,0.6248618895688479,0.011714264844805524,0.01911477542240421,0e58027011bcf32a9f204122a36d37a731f4520691a190b22b97d5691ff5a78f,e8aba34df3629d0782229a762ccead99c01f6296bd75c9f4470b8988bc8c59f5
118eb5d8b75e1b8ac23a4e9ae77af9a9_A_1140,1,0.6894410400390625,0.9976907895315764,-0.08050524507414795,0.600836541950868,0.008429689698722943,0.014158037785033063,76011017da9154a7d2e27c2a78d5d7b428b7b70e5b73f6096521f5aa5359c10c,e8aba34df3629d0782229a762ccead99c01f6296bd75c9f4470b8988bc8c59f5
118eb5d8b75e1b8ac23a4e9ae77af9a9_A_1140,1,0.24078089904785155,0.9968692541721245,0.019225351121345473,0.6549302036149874,0.00929777592805397,0.014377193643751169,c8d91da8e3b6f3878c9c888619550ae7e62cb1583c028c04ec035cabb0db31a0,e8aba34df3629d0782229a762ccead99c01f6296bd75c9f4470b8988bc8c59f5
118eb5d8b75e1b8ac23a4e9ae77af9a9_A_1140,2,0.9395404663085938,0.9977402637702025,0.09274163287912604,0.488595296497396,0.004499787965583914,0.009452288640910743,a4a88d1a1235c368f058179f7c01c19139e2967bbe22cd2ed58c80a05c290a5a,bfade7491062047c330df46e8ddfc0af9d1e31d0a3902d57998c3fdf1b08d6bc
118eb5d8b75e1b8ac23a4e9ae77af9a9_A_1140,2,0.6894410400390625,0.9984376478198052,-0.0007240458146599895,0.5551877206878967,0.00469967098605053,0.008576283529871232,81f07f9bba8d54e992cd0f60aeb3215136b021baf9f938e7965f07b7dafa576b,bfade7491062047c330df46e8ddfc0af9d1e31d0a3902d57998c3fdf1b08d6bc
118eb5d8b75e1b8ac23a4e9ae77af9a9_A_1140,2,0.24078089904785155,0.9958085081087782,0.005750678812197692,0.7893214000727021,0.009514373991967445,0.0122302431301246,2018d2b4be7f18d8087fd9783473cd096282139110ba03e4b81083a845d70eb7,bfade7491062047c330df46e8ddfc0af9d1e31d0a3902d57998c3fdf1b08d6bc
dfec8ed3237860eba14d67c089ecd041_D_1750,0,0.9395404663085938,0.9936809700033243,0.07029159884493402,0.5124257099939664,0.019491316714557203,0.0385595187457638,540084858302a1f1fead1668b0e585453fcc95004a70019caeddaa527323199f,757c6445aed8fa6311f3c313cd5551658a528c09caa86dc76c16ddeccc957d1c
dfec8ed3237860eba14d67c089ecd041_D_1750,0,0.6894410400390625,0.9956591524551032,0.07462686489453085,0.9512564141885969,0.016809550999431048,0.01788005085762236,54e4e5ab612a14b233734b82e98492429e182b28509690c1819d98ff48c84da4,757c6445aed8fa6311f3c313cd5551658a528c09caa86dc76c16ddeccc957d1c
dfec8ed3237860eba14d67c089ecd041_D_1750,0,0.24078089904785155,0.9872845598937611,0.011154239574749751,0.6273002060197065,0.013443117670319632,0.021483404076295624,ffdc57dad9c8fe731fd0efedc831e81f84dd55a140d62fc7fad8546836ca89ea,757c6445aed8fa6311f3c313cd5551658a528c09caa86dc76c16ddeccc957d1c
dfec8ed3237860eba14d67c089ecd041_D_1750,1,0.9395404663085938,0.9929319938206629,0.11614367873275376,0.7553057161645693,0.015499979923213973,0.020806796374536092,dd716317c097a86b3ef15a83ddea02c12b81f558488becce8bf205cb9e83ee27,518848a93ccc39fd55669eec9d507f42680d446910643e2c6a0fb940fdd02e3a
dfec8ed3237860eba14d67c089ecd041_D_1750,1,0.6894410400390625,0.9975311938628515,0.06845573383788749,0.6735890438996652,0.008073800149594038,0.012152401099521584,3dea6e4d9e82e180be731fc7916ebcf9ca02b87d735733c66d89140ff1b58e99,518848a93ccc39fd55669eec9d507f42680d446910643e2c6a0fb940fdd02e3a
dfec8ed3237860eba14d67c089ecd041_D_1750,1,0.24078089904785155,0.9980239543955585,0.02714640967799453,0.747985920505405,0.009370558286771021,0.012682048242963649,2dba3fe24ce4b38a184fc86d9863b4ae1ac2f700071434c45487a4c211db4ed4,518848a93ccc39fd55669eec9d507f42680d446910643e2c6a0fb940fdd02e3a
dfec8ed3237860eba14d67c089ecd041_D_1750,2,0.9395404663085938,0.9921817172630146,0.014388219765492259,0.32853067483830123,0.009580559770080226,0.02989818776606554,e97317cfab5fab23fbaee4cf911a3673babd3567a33a8c153b146143003eb5df,3ad9d9aa889804d946b30db924393b02e7b918c430526bf2f25ae9fc163c486f
dfec8ed3237860eba14d67c089ecd041_D_1750,2,0.6894410400390625,0.9978562658131306,0.08129260466329583,0.6445763202996219,0.008048816600549569,0.012665511086080187,12f5c513a6bb5146ff97d668d08f0d29e174986ae45229d6c8745770f90d4f9e,3ad9d9aa889804d946b30db924393b02e7b918c430526bf2f25ae9fc163c486f
dfec8ed3237860eba14d67c089ecd041_D_1750,2,0.24078089904785155,0.9976646633436901,0.008572073678076133,0.8798319787471364,0.009135773183320713,0.010547922656431273,43db17cf1d6fe71f70d8dd963ae813034fff067eb7554acaf594a35e2c2fb252,3ad9d9aa889804d946b30db924393b02e7b918c430526bf2f25ae9fc163c486f
