clip,chunk,sigma,before_velocity_cosine,before_delta_cosine,before_delta_norm_ratio,before_delta_relative_error,before_student_response_relative_to_velocity,before_teacher_response_relative_to_velocity,after_velocity_cosine,after_delta_cosine,after_delta_norm_ratio,after_delta_relative_error,after_student_response_relative_to_velocity,after_teacher_response_relative_to_velocity,delta_cosine_change
118eb5d8b75e1b8ac23a4e9ae77af9a9_A_1140,0,0.24078089904785155,0.9821002508229779,0.0038063975585063367,0.5317427636325995,1.1307972046132493,0.013311253535860457,0.024868451385877673,0.9836081290708412,0.004816509870809756,0.5275416858754446,1.1283698023528148,0.013177685560485645,0.024868451385877673,0.0010101123123034193
118eb5d8b75e1b8ac23a4e9ae77af9a9_A_1140,0,0.6894410400390625,0.9909365750281414,0.009718793949777071,0.7571818104427452,1.2484416310219728,0.014299874900074125,0.018905829858741462,0.992093535619738,0.00947012228866083,0.7440453162096138,1.2407703382607567,0.014062141413109604,0.018905829858741462,-0.00024867166111624053
118eb5d8b75e1b8ac23a4e9ae77af9a9_A_1140,0,0.9395404663085938,0.9875365337611153,0.0563947042480225,1.3635146516101642,1.6448046066705395,0.03394333442926997,0.025038543397723493,0.9886023303636962,0.04363048270216624,1.4595645006592899,1.7329066692084476,0.036376294617622866,0.025038543397723493,-0.012764221545856262
118eb5d8b75e1b8ac23a4e9ae77af9a9_A_1140,1,0.24078089904785155,0.9855461741471814,0.0024283335738716663,0.4684142025815505,1.103239291047455,0.011726275743293112,0.02489260254165317,0.986061744505978,0.007447842335567805,0.46309223066890237,1.0988886832906222,0.011610140939539383,0.02489260254165317,0.005019508761696139
118eb5d8b75e1b8ac23a4e9ae77af9a9_A_1140,1,0.6894410400390625,0.9930878125365712,0.004100009868493275,0.4936257069538696,1.1133816048533969,0.009222306806085961,0.018795132988528893,0.9933859632351787,0.015111219286431818,0.4812186298682196,1.103189815603311,0.009007604296245192,0.018795132988528893,0.011011209417938542
118eb5d8b75e1b8ac23a4e9ae77af9a9_A_1140,1,0.9395404663085938,0.9854891833045152,0.01948978906472442,0.5213127364058813,1.1186806597953953,0.020054009144780574,0.038774019016446594,0.9866955790218088,0.001817046367842215,0.5603938998460253,1.1454277801694783,0.021594511540428435,0.038774019016446594,-0.017672742696882206
118eb5d8b75e1b8ac23a4e9ae77af9a9_A_1140,2,0.24078089904785155,0.9862398472513245,5.473582032876776e-05,0.5970127477809807,1.164628208935357,0.011909187188643729,0.01960741165888487,0.9870824857985498,-0.011183877559507692,0.5033845416515691,1.124569063655984,0.0100483415726682,0.01960741165888487,-0.011238613379836459
118eb5d8b75e1b8ac23a4e9ae77af9a9_A_1140,2,0.6894410400390625,0.9936665926860366,0.002430613249719943,0.3725530279570998,1.0662948438344995,0.005670065482263988,0.015410463993163969,0.9942496398138139,0.002913161617030201,0.4004105604545012,1.0761020841778604,0.00611128600679847,0.015410463993163969,0.0004825483673102579
118eb5d8b75e1b8ac23a4e9ae77af9a9_A_1140,2,0.9395404663085938,0.9806752170272961,0.06293924015923408,0.3150764444074451,1.0293744808446899,0.007242320376948038,0.02351390091542049,0.982490978043625,0.06880994578600992,0.3656638930326818,1.0408589997482134,0.00843829926416524,0.02351390091542049,0.005870705626775843
dfec8ed3237860eba14d67c089ecd041_D_1750,0,0.24078089904785155,0.9883043206053996,0.020388672168771788,0.5715347515344043,1.14164193285255,0.014306585782181072,0.02503390350331203,0.9894477083195501,0.006630043477505388,0.5690881609979607,1.1473077950088844,0.014248255978559535,0.02503390350331203,-0.0137586286912664
dfec8ed3237860eba14d67c089ecd041_D_1750,0,0.6894410400390625,0.9917055032452229,0.041036616472119085,0.7627086825625702,1.2325285258702,0.015931828774993387,0.02094933193675869,0.9922047756569585,0.042744554187949334,0.7439133287520502,1.2205779588010666,0.015579346162229755,0.02094933193675869,0.001707937715830249
dfec8ed3237860eba14d67c089ecd041_D_1750,0,0.9395404663085938,0.9910749309841311,0.07359214009247661,1.1181685993875843,1.4442036477693112,0.023092481218104505,0.02070999841641576,0.991630786425717,0.07281692295386573,1.0628713453129401,1.405313294238818,0.022038960872791342,0.02070999841641576,-0.0007752171386108814
dfec8ed3237860eba14d67c089ecd041_D_1750,1,0.24078089904785155,0.9871682375275348,0.013037092196959145,0.46360554853119373,1.0967415229079647,0.013949499921666397,0.030024394493011926,0.9875826833546908,0.014102348440130743,0.4719551133486788,1.09974100501113,0.014243540474854493,0.030024394493011926,0.001065256243171598
dfec8ed3237860eba14d67c089ecd041_D_1750,1,0.6894410400390625,0.9905766277209788,0.01670727354923559,0.4969999560875485,1.1092348389364737,0.013755812005163476,0.027784805122505293,0.9908829988458498,0.01310342867601198,0.49531859204738715,1.1101170046180897,0.013752348444366744,0.027784805122505293,-0.00360384487322361
dfec8ed3237860eba14d67c089ecd041_D_1750,1,0.9395404663085938,0.9873585131004001,0.022392761984822936,1.0207719381194587,1.4128904924126577,0.022592512206864403,0.022270086505421408,0.9878236726929366,0.01613027055601174,1.0936353816687814,1.469951386558778,0.0243093346808589,0.022270086505421408,-0.006262491428811197
dfec8ed3237860eba14d67c089ecd041_D_1750,2,0.24078089904785155,0.984597956283355,-0.00616636210548624,0.5262017209703965,1.1328626359167557,0.011368901171297848,0.021284330801460364,0.9854312458363593,-0.00014441816744952324,0.5446827408103937,1.1387873428798045,0.011796461056739163,0.021284330801460364,0.006021943938036717
dfec8ed3237860eba14d67c089ecd041_D_1750,2,0.6894410400390625,0.9920318165402576,-0.008920613580239593,0.48194177461731585,1.1139417878867588,0.008765111887315071,0.01840657842151492,0.9926642956107963,-0.015045577089044419,0.4831950033233295,1.1171469494116268,0.008821291147220547,0.01840657842151492,-0.006124963508804825
dfec8ed3237860eba14d67c089ecd041_D_1750,2,0.9395404663085938,0.9893742242985646,-0.018144674737170866,0.7168543145192043,1.2409247700753527,0.014851366598191085,0.021093503440195668,0.9906547798807473,0.02437424946889448,0.8010909218308183,1.2659757837683203,0.0166802811538813,0.021093503440195668,0.042518924206065345
