chunk,clip,shift12_delta_cosine,shift12_delta_norm_ratio,shift12_delta_relative_delta_error,shift12_whole_cosine,shift2_22_delta_cosine,shift2_22_delta_norm_ratio,shift2_22_delta_relative_delta_error,shift2_22_whole_cosine,sigma
0,118eb5d8b75e1b8ac23a4e9ae77af9a9_A_1140,0.0002464996185697484,0.7103489837672878,1.2264768555631451,0.9892554431651761,0.004530223961736677,0.7348684125728193,1.2382945315289517,0.9901852299756753,0.24078089904785155
0,118eb5d8b75e1b8ac23a4e9ae77af9a9_A_1140,0.023926442238930312,0.8323788175443972,1.2856993305196858,0.9966224806959935,0.03474315976100761,0.8039908741839065,1.2611641284918507,0.9967625501725381,0.6894410400390625
0,118eb5d8b75e1b8ac23a4e9ae77af9a9_A_1140,-0.36306582204944465,0.7406236633293917,1.4444077294847935,0.9946151973759801,-0.3460731662934816,0.7622900353326381,1.4521371664861997,0.9946445251772417,0.9395404663085938
1,118eb5d8b75e1b8ac23a4e9ae77af9a9_A_1140,0.019225351121345473,0.6549302036149874,1.1848000022612297,0.9968692541721245,0.013516673059057103,0.6806330915919815,1.2020239662442695,0.9968727111922343,0.24078089904785155
1,118eb5d8b75e1b8ac23a4e9ae77af9a9_A_1140,-0.08050524507414795,0.600836541950868,1.2073713332119422,0.9976907895315764,-0.04228586384088439,0.5910312891831646,1.182921181665841,0.9977619025671547,0.6894410400390625
1,118eb5d8b75e1b8ac23a4e9ae77af9a9_A_1140,-0.001621812092183987,0.6248618895688479,1.18003355807043,0.993929777429591,0.014323537222576984,0.6025487535208846,1.1600878162322592,0.9942475791928943,0.9395404663085938
2,118eb5d8b75e1b8ac23a4e9ae77af9a9_A_1140,0.005750678812197692,0.7893214000727021,1.2704133205023878,0.9958085081087782,-0.0008844605635277494,0.8566055112731555,1.317303408304247,0.9953868961256227,0.24078089904785155
2,118eb5d8b75e1b8ac23a4e9ae77af9a9_A_1140,-0.0007240458146599895,0.5551877206878967,1.144131709154867,0.9984376478198052,0.008336201596466994,0.5411053139277974,1.1330372609924364,0.9984445673807394,0.6894410400390625
2,118eb5d8b75e1b8ac23a4e9ae77af9a9_A_1140,0.09274163287912604,0.488595296497396,1.0714938695722485,0.9977402637702025,0.12055220583003608,0.543145187745475,1.0789124125867149,0.9977118427654068,0.9395404663085938
0,dfec8ed3237860eba14d67c089ecd041_D_1750,0.011154239574749751,0.6273002060197065,1.174526046925247,0.9872845598937611,0.011790938686517547,0.628580476000564,1.1748575688588454,0.988634207295789,0.24078089904785155
0,dfec8ed3237860eba14d67c089ecd041_D_1750,0.07462686489453085,0.9512564141885969,1.327746285150657,0.9956591524551032,0.07685433977152761,0.9362738691968442,1.316318858793626,0.9958290113639418,0.6894410400390625
0,dfec8ed3237860eba14d67c089ecd041_D_1750,0.07029159884493402,0.5124257099939664,1.0911194542181326,0.9936809700033243,0.04316194482904389,0.5377930217808246,1.1148080322660723,0.9937842711835653,0.9395404663085938
1,dfec8ed3237860eba14d67c089ecd041_D_1750,0.02714640967799453,0.747985920505405,1.2324255242453657,0.9980239543955585,0.026437212381226833,0.7477201779800521,1.232700365159561,0.9980766699108237,0.24078089904785155
1,dfec8ed3237860eba14d67c089ecd041_D_1750,0.06845573383788749,0.6735890438996652,1.1668333794724186,0.9975311938628515,0.07452834530378408,0.7221441873346933,1.1890550048654902,0.997546889448974,0.6894410400390625
1,dfec8ed3237860eba14d67c089ecd041_D_1750,0.11614367873275376,0.7553057161645693,1.1811175877042752,0.9929319938206629,0.10566586063460351,0.7599978880344842,1.1903718444156608,0.9929187162446442,0.9395404663085938
2,dfec8ed3237860eba14d67c089ecd041_D_1750,0.008572073678076133,0.8798319787471364,1.326280642146977,0.9976646633436901,-0.003991036857912728,0.9541551499253161,1.3849289465066543,0.9975697136214698,0.24078089904785155
2,dfec8ed3237860eba14d67c089ecd041_D_1750,0.08129260466329583,0.6445763202996219,1.1448493598409004,0.9978562658131306,0.07121029065286107,0.7119247310080898,1.185514271776108,0.9978927191360132,0.6894410400390625
2,dfec8ed3237860eba14d67c089ecd041_D_1750,0.014388219765492259,0.32853067483830123,1.0480832320055167,0.9921817172630146,0.03281715485585604,0.3620532422323664,1.0522924667496825,0.9920945300721418,0.9395404663085938
