case,history,mode,action,current_RGB,flow_mean_x,current_MAD,boundary_MAD,sample_seconds,diagnostic_seconds,noisy_forwards,GPU_peak_MiB,CPU_KV_MiB,history_latents_MiB,previous5_revision_MAD
C_A,own_generated_first12,clean,A,17,1.506963675841689,4.21604585647583,3.1027719974517822,197.19417338445783,6.583813509903848,30,26034.35107421875,0,1.7138671875,0.6769031882286072
C_A,own_generated_first12,clean,D,17,-1.026711955666542,5.290271759033203,3.264125108718872,196.73614603606984,0.0,30,26034.35107421875,0,1.7138671875,0.6475986838340759
C_A,own_generated_first12,sigma_noised,A,17,2.146440289914608,5.89985990524292,4.3835835456848145,195.4756102859974,6.520965457893908,30,26034.35107421875,0,1.7138671875,0.6655473709106445
C_A,own_generated_first12,sigma_noised,D,17,-1.7518551526591182,5.296270370483398,6.4871320724487305,195.2887048558332,0.0,30,26034.35107421875,0,1.7138671875,0.6302121877670288
C_D,own_generated_first12,clean,A,17,-0.17669607198331505,4.089321613311768,3.8309719562530518,197.29243340715766,6.567881288006902,30,26034.35107421875,0,1.7138671875,0.6593579649925232
C_D,own_generated_first12,clean,D,17,-1.312233220320195,3.7771189212799072,3.5668368339538574,196.3431208152324,0.0,30,26034.35107421875,0,1.7138671875,0.668722927570343
C_D,own_generated_first12,sigma_noised,A,17,2.607593845576048,6.6188225746154785,4.8507585525512695,194.7651342698373,6.467206024099141,30,26034.35107421875,0,1.7138671875,0.6126949787139893
C_D,own_generated_first12,sigma_noised,D,17,-1.4143006117083132,3.968513011932373,3.8541667461395264,194.60007447004318,0.0,30,26034.35107421875,0,1.7138671875,0.6494945287704468
B_first,none,clean,A,22,-0.152627703334604,2.8761110305786133,,117.01609333092347,3.882261279039085,30,25357.07421875,0,0.0,
B_first,none,clean,D,22,-1.1788479600633894,3.956298589706421,,117.9116513649933,0.0,30,25357.07421875,0,0.0,
