history,sigma,role,cosine,norm_ratio,relative_l2,delta_rms,reference_delta_rms,delta_to_velocity_rms
A,0.93954,R2,-0.0412227888923905,1.109516367802426,1.5239754881317977,0.0564339739486456,0.05086357947149493,0.0393295883438551
A,0.93954,R1,1.0000000000000748,1.0,0.0,0.05086357947149493,0.05086357947149493,0.03604850819622317
A,0.93954,R1P,0.5346984023224709,0.9078241318156066,0.9237534457655171,0.04617518487474438,0.05086357947149493,0.03268514938374528
A,0.93954,R3,0.02436061151547645,1.3586584830776232,1.6672604387623167,0.06910623372864325,0.05086357947149493,0.04815800325732059
A,0.93954,R4_within,-0.0495156113612677,1.2375136307837014,1.6291078768355975,0.06294437290642863,0.05086357947149493,0.043947098014988105
A,0.93954,R4_full,0.3237413682140252,0.7064429555207922,1.0206135563640626,0.03593221741021056,0.05086357947149493,0.02536305611865168
A,0.689441,R2,0.03436745681767944,0.7975918072394251,1.257509557414402,0.017202252155902917,0.02156773928689428,0.011994967998233767
A,0.689441,R1,1.0000000000000533,1.0,0.0,0.02156773928689428,0.02156773928689428,0.015130319035803782
A,0.689441,R1P,0.2996170292570025,0.8223955979195287,1.0879003022483682,0.017737213846618048,0.02156773928689428,0.012423606076242157
A,0.689441,R3,0.04171242345154471,0.7852399967680751,1.245428972688432,0.0169358515279357,0.02156773928689428,0.011816291438291764
A,0.689441,R4_within,0.062249250860136135,0.9678373467318362,1.3476701488687006,0.020874063566431813,0.02156773928689428,0.01454429354020533
A,0.689441,R4_full,-0.037014268049379156,0.554102229837507,1.1610549763188736,0.01195073243142195,0.02156773928689428,0.008272702212731083
A,0.689441,R4_cross,-0.07856166197771111,0.49523228804386754,1.1502467397687588,0.010681040874982131,0.02156773928689428,0.007396434265357287
A,0.240781,R2,0.03376557444365658,0.740645139008976,1.2241481139071912,0.012456422099238602,0.01681834044831003,0.009036962914719473
A,0.240781,R1,1.0000000000000724,1.0,0.0,0.01681834044831003,0.01681834044831003,0.012216375806413743
A,0.240781,R1P,0.03615619189287449,0.9872312316395698,1.3795783634926329,0.016603590954918715,0.01681834044831003,0.01204300544847069
A,0.240781,R3,0.03020007911006938,0.7665236111882839,1.2414750497347402,0.012891655054632346,0.01681834044831003,0.009356874306142744
A,0.240781,R4_within,0.015713081319549686,0.8613981377813115,1.3095557696402942,0.01448728714274627,0.01681834044831003,0.01050897813256445
A,0.240781,R4_full,0.0067460679812909275,0.7455149456358433,1.243275490451633,0.012538324165006734,0.01681834044831003,0.009057261895180038
D,0.93954,R2,0.2423633367605475,1.1546469114652642,1.331736210242217,0.057227227116377996,0.04956253426751299,0.03941362605091324
D,0.93954,R1,1.0000000000000766,1.0,0.0,0.04956253426751299,0.04956253426751299,0.03478985766604554
D,0.93954,R1P,0.8720176176533511,1.0504685383739276,0.5209894486535871,0.052063882930102216,0.04956253426751299,0.036545744238106075
D,0.93954,R3,0.23589562861670058,1.173252384686143,1.3501818175892384,0.0581493615204514,0.04956253426751299,0.04014055703519597
D,0.93954,R4_within,-0.09844807127935289,1.8829748819082541,2.2172832242814486,0.09332500710944622,0.04956253426751299,0.0644098642000848
D,0.93954,R4_full,0.10512264475919914,0.7465983571545133,1.1834020107942274,0.03700330666054009,0.04956253426751299,0.025831956691698136
D,0.689441,R2,0.04681406746691618,0.8149238304081134,1.2600797796222338,0.015441559100339047,0.018948469199392307,0.010779301485154923
D,0.689441,R1,1.0000000000000642,1.0,0.0,0.018948469199392307,0.018948469199392307,0.013286019432565065
D,0.689441,R1P,0.24695089073901347,0.8326282308598453,1.1322690511951081,0.015777030386992383,0.018948469199392307,0.011047712414712708
D,0.689441,R3,0.04917574421965392,0.9594930780578083,1.3513916510274493,0.018180925036608585,0.018948469199392307,0.012701844121222687
D,0.689441,R4_within,0.007844354515512198,0.9110523175173466,1.3474876958741406,0.01726304677751253,0.018948469199392307,0.012053900115498384
D,0.689441,R4_full,0.025060060703799725,0.5350635884460172,1.1222636016850187,0.01013863592538551,0.018948469199392307,0.007027561109486854
D,0.689441,R4_cross,-0.007396340452994075,0.37767588412168834,1.0715530375519438,0.007156379857632926,0.018948469199392307,0.004961851200851186
D,0.240781,R2,0.026038703194763,0.8804729177030096,1.315058862887206,0.01209735285560523,0.013739608126920072,0.008766857971699635
D,0.240781,R1,1.0000000000000426,1.0,0.0,0.013739608126920072,0.013739608126920072,0.00998968699679039
D,0.240781,R1P,0.023251025885763905,0.9091924136667526,1.3357962166357906,0.012491947475749717,0.013739608126920072,0.009067628657734313
D,0.240781,R3,0.020065124311902605,0.9133114005646331,1.34070365883951,0.012548540741606521,0.013739608126920072,0.009096765518949309
D,0.240781,R4_within,0.02064644355418167,0.9649853378602133,1.3752634917235464,0.01325852039042289,0.013739608126920072,0.009607580112476624
D,0.240781,R4_full,0.006475643020230717,0.8592690173687761,1.3142353690949649,0.011806019574250592,0.013739608126920072,0.008518584183747683
