run,history,sigma,passed,max_KV_relative_rms,max_KV_absolute,max_rope_absolute,max_velocity_relative_rms,max_velocity_absolute,cache_unchanged,delta_cosine,delta_norm_ratio,delta_relative_l2
run_01,A,0.93954,False,0.033158134669065475,89.75,0.0,0.009138076566159725,0.1914297342300415,True,0.9675632830240081,0.9194428023572984,0.2571709042713035
run_02,A,0.93954,False,0.02934631146490574,54.25,0.0,0.008453892543911934,0.1503128707408905,True,0.9739745171307779,1.043390859342404,0.2370490846772396
run_03,A,0.93954,False,0.0,0.0,0.0,0.006278970278799534,0.1589006781578064,True,0.979266596980473,0.9852895883774566,0.20266526210484664
run_04,A,0.93954,True,0.0,0.0,0.0,0.0,0.0,True,1.0000000000001732,1.0,0.0
run_04,A,0.689441,True,0.0,0.0,0.0,0.0,0.0,True,1.0000000000000768,1.0,0.0
run_04,A,0.240781,True,0.0,0.0,0.0,0.0,0.0,True,1.000000000000032,1.0,0.0
run_04,D,0.93954,True,0.0,0.0,0.0,0.0,0.0,True,1.000000000000185,1.0,0.0
run_04,D,0.689441,True,0.0,0.0,0.0,0.0,0.0,True,1.0000000000000826,1.0,0.0
run_04,D,0.240781,True,0.0,0.0,0.0,0.0,0.0,True,1.0000000000000335,1.0,0.0
