current_native,target_native,current_norm,target_norm,mixed_norm,mixed_relative_change,mixed_sha256
0.0,0.0,0.4738527536392212,0.4738527536392212,0.4738527536392212,0.0,86265821203133d9138d74fab32d412486fe8be643c563457a71e20e60ab1798
0.0,0.06045953184366226,0.4738527536392212,0.6204226613044739,0.4847140312194824,0.20992788672447205,1f1f75ebcad2bec20645fe27a616693896ee5f2bc35657d8a10343827d31b7d2
0.0,0.125,0.4738527536392212,0.746150553226471,0.49680280685424805,0.30037015676498413,2530ec7162fc37967f448f8d42cc6d2ef382625cf26b68b665ab540c0953c657
0.0,0.13054828345775604,0.4738527536392212,0.7538150548934937,0.4976924657821655,0.3052464723587036,734028b3df2f37e6e0de89311235f3620ac03320a3a6a945e2179b06eb6877fe
0.0,0.25,0.4738527536392212,0.8674986958503723,0.5147224068641663,0.3687632977962494,56b250b65e06db6578d0f497af4ca414e8dbe75692b2cb7c1c81c69da6cade16
0.0,1.0,0.4738527536392212,1.4664127826690674,0.6564744710922241,0.6389839053153992,532e25da802b88563b84ede8b89eba8a433b521814088838a8775d39d344d030
0.06045953184366226,0.06045953184366226,0.6204226613044739,0.6204226613044739,0.6204226613044739,0.0,fdd09ef03920b3d9cce1bbffe429a627c1252fafb5904750dfff06caa52bc3ee
0.06045953184366226,0.13054828345775604,0.6204226613044739,0.7538150548934937,0.651202917098999,0.07609883695840836,ebdb5e68415bee05d935841f1703b9c7d99cd58f28a7122a27dbc51879d60918
0.125,0.125,0.746150553226471,0.746150553226471,0.746150553226471,0.0,d6fba6562c48624536c4e879f2c0056233e005685800443264283d58a1a83508
0.125,0.25,0.746150553226471,0.8674986958503723,0.7749198079109192,0.05575938522815704,39e9e6d32f9ab9dc0bb13081cade60af1b4870e7c67ad109526281e469c28e2c
0.13054828345775604,0.13054828345775604,0.7538150548934937,0.7538150548934937,0.7538150548934937,0.0,8060be93fc8115549114a96a5cd0a40f50c30e0c024ea8869f75e9869ebbe593
0.13054828345775604,0.21276593208312988,0.7538150548934937,0.8386427164077759,0.7742459177970886,0.038685694336891174,8fd4e789c88b348657accec81cb24409e0f90d157c3fcadf09ced19bc32ad88d
0.13054828345775604,0.3105589747428894,0.7538150548934937,0.9093066453933716,0.79021817445755,0.07037349045276642,56d6e73b16942e1b7cf3d072ff59d777de19a99175ba72dfaa802383823d2813
0.21276593208312988,0.21276593208312988,0.8386427164077759,0.8386427164077759,0.8386427164077759,0.0,974d82b1134563101197d4d893bee9af380af786e5b4d63bbb0eccfa77e50886
0.21276593208312988,0.3105589747428894,0.8386427164077759,0.9093066453933716,0.8557830452919006,0.0295010507106781,092436fa5dd2b1732e0b2cc0b517ba28e58b15550848f21315c73e65c11ef400
0.25,0.25,0.8674986958503723,0.8674986958503723,0.8674986958503723,0.0,1756a4ceda7a53f43b949e0b85de2a07c2c0cb44211d33c85bdf380b24fdd16e
0.25,0.375,0.8674986958503723,0.9503659605979919,0.8876197934150696,0.03222909942269325,1692b33fa2963e1cb304476ef9c690d071ffec80f1816e678f433cadd2fac0e4
0.25,0.5,0.8674986958503723,1.0294557809829712,0.9063431620597839,0.0591634139418602,8e5b2dd2ef1b6d60f2d371cde76a478ae595e1b964697d72e8e35fb279b5805c
0.3105589747428894,0.3105589747428894,0.9093066453933716,0.9093066453933716,0.9093066453933716,0.0,e6a8283a0809488ccfc189b6a088ef543f6b7be367174566a9074f9d1244754c
0.3105589747428894,0.42881646752357483,0.9093066453933716,0.9838418364524841,0.9275770783424377,0.02630160003900528,479ec7ce38004e94dca8c80a146ca64be2449d93b054d9b0d2a51d4761095dd3
0.3105589747428894,0.5747126936912537,0.9093066453933716,1.0819844007492065,0.9509643316268921,0.05842854827642441,049d5dc089e4db92063652be0e013683c1aad915692535bc9a5c8a436c7f2759
0.3105589747428894,0.7592191100120544,0.9093066453933716,1.2415931224822998,0.9873355627059937,0.1112244501709938,4c818c0961748f46bbf13da19708fa7f249226efdfeb1d97e0cd0ff2dfbbc69e
0.375,0.375,0.9503659605979919,0.9503659605979919,0.9503659605979919,0.0,668b0c66b02cf41e8ce0a55911eb985f1510c906a4d6f901857bcb1289a35894
0.375,0.5,0.9503659605979919,1.0294557809829712,0.969814658164978,0.02578076161444187,63d88ae61d97cc8632e1445c2d0c34a719d412b4a627a4936884e24d21fb89b2
0.42881646752357483,0.42881646752357483,0.9838418364524841,0.9838418364524841,0.9838418364524841,0.0,42e603cddf7865c584a7f82e53caf00eabc43fcbbee2750aad20e9fff9057f02
0.42881646752357483,0.5747126936912537,0.9838418364524841,1.0819844007492065,1.0078915357589722,0.030974658206105232,d94b48f8577fd180f7df101ada50eb0be4a158550ac8ecd425ba7d3701e92f8e
0.5,0.5,1.0294557809829712,1.0294557809829712,1.0294557809829712,0.0,1717bafbc076d1024aef63d7bcd8ae9241ce1873b8e5514d56b755251452f13e
0.5,0.625,1.0294557809829712,1.1212846040725708,1.0519722700119019,0.028080865740776062,850872fc31f80688a7c0afc9f2c0517d12af28d3af81abaea8169a9cc462a5ae
0.5,0.75,1.0294557809829712,1.2328236103057861,1.0782113075256348,0.06209211423993111,0b665509bba6cfd017e4beee30b3cd03e03ae7dff3950e21905567b6e3305706
0.5747126936912537,0.5747126936912537,1.0819844007492065,1.0819844007492065,1.0819844007492065,0.0,84c273cb17eea8c1cd6c5bd80c130bbf48a4c5110a1037c018ca1f654c809bcf
0.5747126936912537,0.7592191100120544,1.0819844007492065,1.2415931224822998,1.1206316947937012,0.046488743275403976,4ca4f0489d5897471c813ff63b4b55892cc6cd1edde160d65fb09f67b88b0e0b
0.5747126936912537,1.0,1.0819844007492065,1.4664127826690674,1.161080002784729,0.13863611221313477,c4841d6bf2f3cfa62cfbe4278f5c26082276945fe16eafc64e4031a68594f1d2
0.625,0.625,1.1212846040725708,1.1212846040725708,1.1212846040725708,0.0,5eb720a86551d03f0052d24420928959dc76437c7864d422233d01698d893993
0.625,0.75,1.1212846040725708,1.2328236103057861,1.1485735177993774,0.03132529556751251,1bf4a6ebdc264a1ee3039983490cfdbdf68f3aa946f1f4ffe19c400ae1a69966
0.75,0.75,1.2328236103057861,1.2328236103057861,1.2328236103057861,0.0,98cd8b0ba1281884bd52a3b68542d8215f6b7691349f30e330c496b0421d368d
0.75,0.875,1.2328236103057861,1.3498557806015015,1.2613842487335205,0.030805638059973717,c1cde2991d9e01cb5978ec52144fcda896a002b5ba9ba5245a4c193c697ae0d9
0.75,1.0,1.2328236103057861,1.4664127826690674,1.2798094749450684,0.09315741062164307,b9bc953ed903422354417ab049c4e458f324912c1dae1ea732ef4315a49631c5
0.7592191100120544,0.7592191100120544,1.2415931224822998,1.2415931224822998,1.2415931224822998,0.0,aec9ffdb98d5f1527291750c872b0f78667d42d92b17d0df53f8d47ff437b5be
0.7592191100120544,1.0,1.2415931224822998,1.4664127826690674,1.2866421937942505,0.09101469069719315,5887f588b426183d20430732c223cae057bd74267fab744c918ef91e18d7f848
0.875,0.875,1.3498557806015015,1.3498557806015015,1.3498557806015015,0.0,c237814311a0d304391e2f8ea4bf2bdfc375351b3a63077fa8733c180396747e
0.875,1.0,1.3498557806015015,1.4664127826690674,1.371464490890503,0.06522920727729797,a5c3bf3ec3b0da8895029a6eab760211137eaea8da7dc65d712d6551171bb09d
0.9990000128746033,0.9990000128746033,1.4647482633590698,1.4647482633590698,1.4647482633590698,0.0,0bfc04233d5692b7ce8d1eb0e25e8133852493acab5b64406e3edfac76e7a660
1.0,1.0,1.4664127826690674,1.4664127826690674,1.4664127826690674,0.0,8fec4667814811efe72f76463bd7f1e5715da00f479308f0d97924c894096355
