clip,chunk,sigma,noise_bin,native8,original_raw_velocity_mse,original_clean_endpoint_mse,original_normalized_velocity_mse,causal0_raw_velocity_mse,causal0_clean_endpoint_mse,causal0_normalized_velocity_mse,causal48_raw_velocity_mse,causal48_clean_endpoint_mse,causal48_normalized_velocity_mse,causal0_vs_original_cos,causal48_vs_original_cos,gaussian_weight12,gaussian_weight2_22
118eb5d8b75e1b8ac23a4e9ae77af9a9_A_1140,0,0.07110826873779297,low,False,0.44486351420236336,0.002249401593023968,0.2216777573282858,0.5225741206386886,0.0026423364063591272,0.2604013487343218,0.5148551547577116,0.002603306336248075,0.2565549486795622,0.9670640049498667,0.9696739672226329,0.6124377846717834,0.3648237884044647
118eb5d8b75e1b8ac23a4e9ae77af9a9_A_1140,0,0.24078089904785155,low,True,0.21180534389073766,0.012279508291568599,0.10554368278106728,0.2596370509939305,0.015052572621222757,0.12937846630749497,0.2546398776465383,0.014762859290923767,0.12688834934967524,0.9829966072213765,0.9844682988288184,2.0262537002563477,1.1511422395706177
118eb5d8b75e1b8ac23a4e9ae77af9a9_A_1140,0,0.4252873229980469,mid,True,0.13499980491592004,0.024417321174161715,0.06727109110571841,0.1742218692012585,0.03151138876459413,0.08681564571849473,0.1686783729725137,0.03050874044277382,0.08405329328339042,0.9870437391016852,0.9884976603361048,2.8753409385681152,1.6441084146499634
118eb5d8b75e1b8ac23a4e9ae77af9a9_A_1140,0,0.5711835327148438,mid,True,0.09796108212177698,0.031959864566159256,0.048814506690088515,0.12804393452031604,0.0417744140545559,0.06380494542207332,0.12296328943790022,0.04011685040554599,0.06127323407309855,0.9899958064215353,0.9912565729516252,2.883328676223755,1.6484893560409546
118eb5d8b75e1b8ac23a4e9ae77af9a9_A_1140,0,0.6894410400390625,mid,True,0.0773408094661966,0.03676232557707117,0.03853931969035737,0.1070815694302024,0.050898969714267224,0.05335929201800629,0.10222690755862592,0.04859140839545929,0.05094018925520098,0.9908173107988969,0.9920338216932183,2.439732789993286,1.3940373659133911
118eb5d8b75e1b8ac23a4e9ae77af9a9_A_1140,0,0.7872340698242187,high,True,0.06889391965777253,0.0426961442037052,0.03433019143112497,0.0956037602029304,0.05924923349284644,0.047639841158779034,0.09089264385707684,0.056329578117420245,0.045292267863329176,0.9914903484589326,0.9926884354775217,1.8132445812225342,1.0377910137176514
118eb5d8b75e1b8ac23a4e9ae77af9a9_A_1140,0,0.8694517211914062,high,True,0.06798142515102532,0.05139030650455195,0.03387549076592704,0.09148701442911131,0.0691592696424589,0.04558844574985865,0.0866057455301309,0.06546929250101977,0.043156084569638174,0.9916573552726693,0.9929225567872079,1.162321925163269,0.6646237969398499
118eb5d8b75e1b8ac23a4e9ae77af9a9_A_1140,0,0.9395404663085938,high,True,0.06877868668779089,0.06071344256869737,0.03427277025465108,0.09686527561216433,0.08550649381364447,0.04826846071921986,0.09149924069897536,0.0807697000740025,0.04559453816246932,0.9899537545567763,0.9914836547771738,0.5494716763496399,0.31377312541007996
118eb5d8b75e1b8ac23a4e9ae77af9a9_A_1140,0,1.0,high,True,0.25659348397495746,0.25659348397495746,0.12786184134387216,0.28307720659731334,0.28307720659731334,0.14105881535769893,0.29458031943428886,0.29458031943428886,0.14679087513465555,0.9908505225114808,0.9915050080998943,0.0,0.0
118eb5d8b75e1b8ac23a4e9ae77af9a9_A_1140,1,0.07110826873779297,low,False,0.536462938001111,0.0027125636264004644,0.27817079553620305,0.5896505583403553,0.002981500759028129,0.30575004027876246,0.5861347752479003,0.00296372360303215,0.30392700999934563,0.9786952825658236,0.9795628636982823,0.6124377846717834,0.3648237884044647
118eb5d8b75e1b8ac23a4e9ae77af9a9_A_1140,1,0.24078089904785155,low,True,0.2671481985188889,0.015488034713999326,0.13852369221433322,0.3072807818689973,0.0178147389460887,0.15933354103449443,0.3053467744440588,0.017702614012060882,0.15833070496538473,0.985361293566728,0.9858807452434847,2.0262537002563477,1.1511422395706177
118eb5d8b75e1b8ac23a4e9ae77af9a9_A_1140,1,0.4252873229980469,mid,True,0.1727818088610362,0.031250926048671836,0.08959212243839867,0.20175134765211433,0.03649062645690313,0.1046136254742979,0.20012808917181937,0.03619702882032337,0.10377192128405688,0.9894233436485669,0.9898612604098161,2.8753409385681152,1.6441084146499634
118eb5d8b75e1b8ac23a4e9ae77af9a9_A_1140,1,0.5711835327148438,mid,True,0.12446412757443999,0.040606499790185394,0.06453807510376372,0.1492434529419085,0.04869077025384369,0.07738683717482565,0.14775520801566705,0.04820522941197322,0.07661514122761291,0.991406448955916,0.9917760807317059,2.883328676223755,1.6484893560409546
118eb5d8b75e1b8ac23a4e9ae77af9a9_A_1140,1,0.6894410400390625,mid,True,0.09903580920212482,0.047074586971687885,0.051352792300946665,0.1220578657115658,0.058017636865983505,0.06329036211326677,0.12028531953664079,0.057175094357924214,0.06237124814531821,0.9926529526689825,0.9929973137300241,2.439732789993286,1.3940373659133911
118eb5d8b75e1b8ac23a4e9ae77af9a9_A_1140,1,0.7872340698242187,high,True,0.0847235167665228,0.05250633883625151,0.04393147483287965,0.1078670000870356,0.06684922288374351,0.05593200778811721,0.1054805443466646,0.065370246815423,0.0546945648171555,0.9928504623995311,0.9933093789626922,1.8132445812225342,1.0377910137176514
118eb5d8b75e1b8ac23a4e9ae77af9a9_A_1140,1,0.8694517211914062,high,True,0.07743102261526469,0.05853369470144641,0.04015011594337818,0.1042703645741542,0.07882279582846231,0.0540670533038432,0.10062979197326709,0.07607071845738587,0.05217931623039419,0.9922679906703916,0.9929424300072568,1.162321925163269,0.6646237969398499
118eb5d8b75e1b8ac23a4e9ae77af9a9_A_1140,1,0.9395404663085938,high,True,0.1291894329949637,0.11404020050901371,0.06698827599345851,0.14644543298937204,0.1292726978868959,0.07593598683458906,0.13666956682452872,0.12064318607820582,0.07086693121955927,0.9898399367712711,0.9907333169724547,0.5494716763496399,0.31377312541007996
118eb5d8b75e1b8ac23a4e9ae77af9a9_A_1140,1,1.0,high,True,0.12055622749404878,0.12055622749404878,0.06251172137597616,0.31484707337176787,0.31484707337176787,0.16325687138500625,0.3031802292295917,0.3031802292295917,0.15720729165351824,0.9501268747803949,0.9525581382787622,0.0,0.0
118eb5d8b75e1b8ac23a4e9ae77af9a9_A_1140,2,0.07110826873779297,low,False,0.5381638698653274,0.0027211641942664396,0.30221112461422406,0.6053756991863593,0.003061013139208261,0.3399545772387403,0.5984395325677938,0.0030259412042367997,0.3360595058084846,0.9723235657829321,0.9739500572215376,0.6124377846717834,0.3648237884044647
118eb5d8b75e1b8ac23a4e9ae77af9a9_A_1140,2,0.24078089904785155,low,True,0.23146609469464494,0.013419348996624584,0.12998202351494934,0.26701400957963495,0.015480255051022289,0.14994429883040655,0.2634113540860794,0.015271389508764768,0.1479211928040256,0.9865487969113738,0.9873421307181928,2.0262537002563477,1.1511422395706177
118eb5d8b75e1b8ac23a4e9ae77af9a9_A_1140,2,0.4252873229980469,mid,True,0.13786387331335515,0.02493534324070096,0.07741879106103529,0.16063447786726992,0.029053846708680418,0.09020584421662231,0.15834473850115352,0.02863970313608483,0.08892001893615399,0.9909975938489721,0.9916001696438913,2.8753409385681152,1.6441084146499634
118eb5d8b75e1b8ac23a4e9ae77af9a9_A_1140,2,0.5711835327148438,mid,True,0.09315478187729882,0.030391806092827305,0.05231196847416792,0.1115574732746514,0.03639569571892471,0.06264617776345775,0.10948168336704585,0.03571846795787973,0.06148049787008751,0.9927925500076046,0.9932970067053211,2.883328676223755,1.6484893560409546
118eb5d8b75e1b8ac23a4e9ae77af9a9_A_1140,2,0.6894410400390625,mid,True,0.07023956132887502,0.0333868967726715,0.03944370480857637,0.086349650826567,0.041044488660803485,0.04849048133400838,0.08412470706548952,0.039986908484180766,0.047241042652056565,0.9937744279669205,0.9942734332360893,2.439732789993286,1.3940373659133911
118eb5d8b75e1b8ac23a4e9ae77af9a9_A_1140,2,0.7872340698242187,high,True,0.05775103241767939,0.035790479337894816,0.03243065064725902,0.07385662574379101,0.04577171917086916,0.041474902304066724,0.07149439843827372,0.04430775837172603,0.040148370720343995,0.993921112465399,0.9944779553663173,1.8132445812225342,1.0377910137176514
118eb5d8b75e1b8ac23a4e9ae77af9a9_A_1140,2,0.8694517211914062,high,True,0.053309671316445366,0.04029924854506717,0.02993656137746525,0.07077894838598561,0.05350508383054698,0.03974660282581514,0.06708876843405008,0.05071550596621679,0.03767434659355938,0.9935658132465438,0.9943059054344023,1.162321925163269,0.6646237969398499
118eb5d8b75e1b8ac23a4e9ae77af9a9_A_1140,2,0.9395404663085938,high,True,0.05777510146236496,0.05100017859396879,0.03244416685202512,0.11620507479018471,0.10257843634745437,0.06525608333203406,0.10538895565401037,0.09303065549244598,0.05918218705036308,0.9776093875337886,0.9802480433187365,0.5494716763496399,0.31377312541007996
118eb5d8b75e1b8ac23a4e9ae77af9a9_A_1140,2,1.0,high,True,0.062021369259156196,0.062021369259156196,0.03482869959035736,0.1899240256200192,0.1899240256200192,0.10665367295699363,0.18976616582186115,0.18976616582186115,0.10656502526099601,0.9659630575616884,0.9655594159406347,0.0,0.0
dfec8ed3237860eba14d67c089ecd041_D_1750,0,0.07110826873779297,low,False,0.47744546100560475,0.0024141484888768262,0.22723343285458583,0.5466601948396317,0.002764124891922925,0.2601752091573618,0.5386284758283375,0.002723513421298909,0.2563526257803708,0.9726218052022977,0.9750327173018098,0.6124377846717834,0.3648237884044647
dfec8ed3237860eba14d67c089ecd041_D_1750,0,0.24078089904785155,low,True,0.2434609338860851,0.014114755092626123,0.11587179749577523,0.27334394730730494,0.0158472359844785,0.13009419623728033,0.2688168070119542,0.015584773027818959,0.1279395676684797,0.9882125874714169,0.9894451606777662,2.0262537002563477,1.1511422395706177
dfec8ed3237860eba14d67c089ecd041_D_1750,0,0.4252873229980469,mid,True,0.17066187516367798,0.03086749510972668,0.08122411231884784,0.1964048779950604,0.0355236141945854,0.09347613141447327,0.1929517525178954,0.03489904978219139,0.09183266504953776,0.9908636153579496,0.991701797293553,2.8753409385681152,1.6441084146499634
dfec8ed3237860eba14d67c089ecd041_D_1750,0,0.5711835327148438,mid,True,0.1326334591576678,0.04327174934991813,0.06312502410703943,0.15896510212868975,0.05186246440666044,0.07565719817442763,0.15615715733294566,0.05094637065353435,0.0743207964546182,0.991937069795438,0.992563326746428,2.883328676223755,1.6484893560409546
dfec8ed3237860eba14d67c089ecd041_D_1750,0,0.6894410400390625,mid,True,0.11283889564614459,0.05363559352599989,0.053704080803677,0.1402106345482353,0.06664617337478006,0.06673127385902886,0.1375724267041385,0.06539215681645763,0.06547565604723658,0.9919322780969045,0.9924982280321574,2.439732789993286,1.3940373659133911
dfec8ed3237860eba14d67c089ecd041_D_1750,0,0.7872340698242187,high,True,0.10591745694279166,0.06564101792702938,0.05040991967887992,0.13156320287936293,0.08153464790422726,0.06261565072721682,0.12926583775382255,0.08011088462909517,0.061522252199775765,0.9913506610353018,0.9917695918439979,1.8132445812225342,1.0377910137176514
dfec8ed3237860eba14d67c089ecd041_D_1750,0,0.8694517211914062,high,True,0.1014824468027956,0.0767152797170934,0.048299139158035534,0.12550686616567838,0.09487645053558744,0.059733222692242495,0.12247444239943407,0.09258410102316135,0.058289983372672466,0.99169963213214,0.9922752903295183,1.162321925163269,0.6646237969398499
dfec8ed3237860eba14d67c089ecd041_D_1750,0,0.9395404663085938,high,True,0.11204394631387338,0.0989052572430859,0.053325735881647615,0.13633584716751215,0.12034859962699467,0.06488712345858551,0.13305937305787127,0.11745633703427469,0.06332773182037674,0.9916523330398419,0.992300666341974,0.5494716763496399,0.31377312541007996
dfec8ed3237860eba14d67c089ecd041_D_1750,0,1.0,high,True,0.2432777005387317,0.2432777005387317,0.11578459016858679,0.40695322638485154,0.40695322638485154,0.193683648071363,0.4281654740556643,0.4281654740556643,0.20377931815407407,0.9648835550219066,0.9612891580812065,0.0,0.0
dfec8ed3237860eba14d67c089ecd041_D_1750,1,0.07110826873779297,low,False,0.5665984851279275,0.0028649405814655505,0.2783880514871262,0.6029476024912804,0.0030487357453569818,0.2962475414463624,0.6001704050668731,0.003034693163506221,0.29488301506680237,0.9848703834269849,0.9855788790804862,0.6124377846717834,0.3648237884044647
dfec8ed3237860eba14d67c089ecd041_D_1750,1,0.24078089904785155,low,True,0.2848876127217957,0.016516485081637524,0.1399744430670921,0.31852870424442564,0.018466842210032988,0.15650339286965032,0.3167666803187871,0.018364688095281367,0.1556376538671511,0.9876730604155771,0.9880817770886958,2.0262537002563477,1.1511422395706177
dfec8ed3237860eba14d67c089ecd041_D_1750,1,0.4252873229980469,mid,True,0.1914591743785931,0.034629088208338925,0.09407004765033267,0.22373644787878344,0.04046705630148738,0.10992890981267371,0.22211518876999595,0.040173820289846805,0.10913233309018353,0.9887864011841233,0.9891693675778714,2.8753409385681152,1.6441084146499634
dfec8ed3237860eba14d67c089ecd041_D_1750,1,0.5711835327148438,mid,True,0.14717771854437886,0.04801682310927631,0.07231314478124569,0.17818381258319238,0.05813258076264942,0.08754743560668447,0.1765675515366761,0.05760527458113945,0.08675331459287233,0.9892335546904709,0.9895698171792799,2.883328676223755,1.6484893560409546
dfec8ed3237860eba14d67c089ecd041_D_1750,1,0.6894410400390625,mid,True,0.1280082870009222,0.060846044355766314,0.06289458678017046,0.154827160857627,0.07359383144430852,0.07607156171394808,0.15300323690779039,0.07272686759256584,0.07517540923951802,0.9898395207652134,0.9901803478228499,2.439732789993286,1.3940373659133911
dfec8ed3237860eba14d67c089ecd041_D_1750,1,0.7872340698242187,high,True,0.12237618150713478,0.07584110642393899,0.060127352282832516,0.1452372258691366,0.09000895246283411,0.07135971834442109,0.14335394660649944,0.08884181371716784,0.07043440269658047,0.9910623842712395,0.9914814280699915,1.8132445812225342,1.0377910137176514
dfec8ed3237860eba14d67c089ecd041_D_1750,1,0.8694517211914062,high,True,0.12506315310518581,0.09454102729125081,0.0614475478132067,0.1439890781814929,0.10884801024126824,0.07074646325840928,0.14127313625620627,0.1067949040041017,0.06941203367488855,0.9908741795482973,0.9914516797414187,1.162321925163269,0.6646237969398499
dfec8ed3237860eba14d67c089ecd041_D_1750,1,0.9395404663085938,high,True,0.14007359617606996,0.12364804631165435,0.0688226610691456,0.17481142700325164,0.15431239014335482,0.08589047415142924,0.17057412920761567,0.1505719736167991,0.08380855351828201,0.9866046986584347,0.9875151451177796,0.5494716763496399,0.31377312541007996
dfec8ed3237860eba14d67c089ecd041_D_1750,1,1.0,high,True,0.17608439976444262,0.17608439976444262,0.08651592659418353,0.317324168302756,0.317324168302756,0.1559115656365226,0.3136470176618346,0.3136470176618346,0.15410486330882467,0.9715740515788277,0.9725960722183663,0.0,0.0
dfec8ed3237860eba14d67c089ecd041_D_1750,2,0.07110826873779297,low,False,0.5259397127926694,0.002659354139014068,0.2888356796945233,0.5844669689293145,0.0029552905307074643,0.32097769026284745,0.5788850402122658,0.0029270661451433026,0.31791220550142063,0.9715975400791124,0.9731805546265632,0.6124377846717834,0.3648237884044647
dfec8ed3237860eba14d67c089ecd041_D_1750,2,0.24078089904785155,low,True,0.22602700564654238,0.013104015408539055,0.12412955747073008,0.2622126385767521,0.015201893448062869,0.14400199080928994,0.2585277296806601,0.014988259228491065,0.14197831178348744,0.9846892817815943,0.9855102110759999,2.0262537002563477,1.1511422395706177
dfec8ed3237860eba14d67c089ecd041_D_1750,2,0.4252873229980469,mid,True,0.13871319918463265,0.02508896022254344,0.07617854327134507,0.16394627018117564,0.029652848289765072,0.09003604639345622,0.16164509709312774,0.02923663670780613,0.08877228768344782,0.9894723912016554,0.9900250921126503,2.8753409385681152,1.6441084146499634
dfec8ed3237860eba14d67c089ecd041_D_1750,2,0.5711835327148438,mid,True,0.10000821120266282,0.03262774171448665,0.05492253000704983,0.1196396985435484,0.03903252678890037,0.06570375426450459,0.11720745588044491,0.03823900609250596,0.06436801473829686,0.9913878856482945,0.9919227539721603,2.883328676223755,1.6484893560409546
dfec8ed3237860eba14d67c089ecd041_D_1750,2,0.6894410400390625,mid,True,0.0808203790721185,0.03841626573626863,0.044384952409301584,0.09985993861858944,0.04746631953997651,0.054841101638818245,0.0976092445134642,0.04639649947941491,0.053605064987038396,0.9923619344380705,0.9928854366474578,2.439732789993286,1.3940373659133911
dfec8ed3237860eba14d67c089ecd041_D_1750,2,0.7872340698242187,high,True,0.07288286859679947,0.0451682453697868,0.04002582877315786,0.09340189239468666,0.05788465348454866,0.05129447048469786,0.09005839854373567,0.05581256502865109,0.049458289843639126,0.991722537493641,0.9924916912046686,1.8132445812225342,1.0377910137176514
dfec8ed3237860eba14d67c089ecd041_D_1750,2,0.8694517211914062,high,True,0.08292098609143167,0.06268381225359015,0.045538564204411616,0.10488158626625725,0.07928484660232628,0.057598891127273,0.10217297977261944,0.07723728555754039,0.05611137805574481,0.9904867316006412,0.9911968664144986,1.162321925163269,0.6646237969398499
dfec8ed3237860eba14d67c089ecd041_D_1750,2,0.9395404663085938,high,True,0.09107278044107951,0.0803932481290399,0.05001536830275261,0.11806802688620172,0.10422293176510007,0.06484062330031878,0.1121652263811499,0.09901231555946151,0.06159892210433033,0.9868091381530123,0.9882049297431872,0.5494716763496399,0.31377312541007996
dfec8ed3237860eba14d67c089ecd041_D_1750,2,1.0,high,True,0.12236993852902776,0.12236993852902776,0.06720314802153386,0.1450957978620944,0.1450957978620944,0.07968374012638607,0.13810044215751188,0.13810044215751188,0.07584202924110338,0.9807730804107379,0.9824238181160245,0.0,0.0
