history,chunk,sigma,role,velocity_cosine_A,velocity_cosine_D,delta_cosine,norm_ratio,semantics
A,1,0.9395404663085938,original,0.9999999999999581,0.999999999999957,1.0000000000000822,1.0,instantaneous
A,1,0.9395404663085938,causal_original,0.994285233240584,0.9944679838078287,0.0857049824728644,0.892132167704054,instantaneous
A,1,0.9395404663085938,causal_initializer,0.9901998475845644,0.9874826108076835,0.05451857088970295,3.1335540555370014,instantaneous
A,1,0.9395404663085938,causal_initializer_diagonal,0.9901998475845644,0.9874826108076835,0.05451857088970295,3.1335540555370014,instantaneous
A,1,0.9395404663085938,causal_fm32,0.9903332835345303,0.9877259199744172,0.04328550961626428,3.1584933721557276,instantaneous
A,1,0.9395404663085938,causal_anyflow32,0.990354908268043,0.987683143851226,0.04427629035628511,3.2038548307337344,instantaneous
A,1,0.9395404663085938,causal_anyflow32_finite,0.9904920605949773,0.9896299949272428,-0.06654334401269356,1.9294496608997862,finite interval average; descriptive only
A,1,0.9395404663085938,causal_anyflow128,0.993943050762885,0.9933480799759746,0.05693964645120972,2.2643379833365787,instantaneous
A,1,0.9395404663085938,causal_anyflow128_finite,0.994801399715698,0.9948449735025481,-0.043655821473242255,1.6333286844739305,finite interval average; descriptive only
A,1,0.6894410400390625,original,0.9999999999999555,0.9999999999999587,1.000000000000072,1.0,instantaneous
A,1,0.6894410400390625,causal_original,0.9970377323026413,0.9969716830518713,0.06485059104997089,0.9024285745160866,instantaneous
A,1,0.6894410400390625,causal_initializer,0.9964166276987694,0.9963253841570945,0.05074210115122366,1.0835268864732437,instantaneous
A,1,0.6894410400390625,causal_initializer_diagonal,0.9964166276987694,0.9963253841570945,0.05074210115122366,1.0835268864732437,instantaneous
A,1,0.6894410400390625,causal_fm32,0.996468678660353,0.9963792479271498,0.06585077501936631,1.0605873719869514,instantaneous
A,1,0.6894410400390625,causal_anyflow32,0.9964470192693577,0.9963503284008416,0.06086950515720481,1.1042559840184965,instantaneous
A,1,0.6894410400390625,causal_anyflow32_finite,0.9965539552525521,0.9965132921487903,0.04100585026371206,1.0593104130101136,finite interval average; descriptive only
A,1,0.6894410400390625,causal_anyflow128,0.9975314467897737,0.9975404968696495,0.03255767837610856,1.0081582808359393,instantaneous
A,1,0.6894410400390625,causal_anyflow128_finite,0.9975551686620571,0.9975209064429414,0.014020150814499269,0.9643111642344684,finite interval average; descriptive only
A,1,0.24078089904785155,original,0.9999999999999635,0.9999999999999616,1.0000000000000706,1.0,instantaneous
A,1,0.24078089904785155,causal_original,0.9972477102607632,0.9972537230373061,0.02004968883193043,0.7531896059865208,instantaneous
A,1,0.24078089904785155,causal_initializer,0.9876898805961399,0.9871558360324794,0.04081713634174767,1.2322920543214235,instantaneous
A,1,0.24078089904785155,causal_initializer_diagonal,0.9876898805961399,0.9871558360324794,0.04081713634174767,1.2322920543214235,instantaneous
A,1,0.24078089904785155,causal_fm32,0.9878337328910554,0.9873133003424054,0.04723293283276531,1.2186324608986159,instantaneous
A,1,0.24078089904785155,causal_anyflow32,0.9877492258173577,0.9872505587924728,0.043187042899980765,1.2151458773668733,instantaneous
A,1,0.24078089904785155,causal_anyflow32_finite,0.9915001738725638,0.9912194433860406,0.029198108767668016,1.2163648975406913,finite interval average; descriptive only
A,1,0.24078089904785155,causal_anyflow128,0.9917092254683302,0.9914123509115368,0.04551103743133713,1.1872616206710878,instantaneous
A,1,0.24078089904785155,causal_anyflow128_finite,0.994468328950772,0.9943308146251665,0.03968510269518081,1.1528253483717603,finite interval average; descriptive only
A,2,0.9395404663085938,original,0.999999999999977,0.9999999999999787,1.0000000000000102,1.0,instantaneous
A,2,0.9395404663085938,causal_original,0.9962284066700989,0.9961726392993825,-0.08787464351702294,0.6156262679411773,instantaneous
A,2,0.9395404663085938,causal_initializer,0.9974787877071841,0.9970778221014334,0.13325935252228222,1.7390288277200103,instantaneous
A,2,0.9395404663085938,causal_initializer_diagonal,0.9974787877071841,0.9970778221014334,0.13325935252228222,1.7390288277200103,instantaneous
A,2,0.9395404663085938,causal_fm32,0.9976044862696473,0.9972221534382284,0.14417794155793337,1.8557911363954067,instantaneous
A,2,0.9395404663085938,causal_anyflow32,0.9975445317831483,0.9971310082099225,0.1454634476214378,1.8517922447848643,instantaneous
A,2,0.9395404663085938,causal_anyflow32_finite,0.9976430646260717,0.9974090860691344,0.16575241827780507,1.8199484646323978,finite interval average; descriptive only
A,2,0.9395404663085938,causal_anyflow128,0.9976828112473562,0.9977696481410405,0.19658485297195508,1.5991563567760836,instantaneous
A,2,0.9395404663085938,causal_anyflow128_finite,0.9977655877137137,0.9979884379171373,0.17156540972011453,1.619658314336282,finite interval average; descriptive only
A,2,0.6894410400390625,original,0.999999999999976,0.9999999999999754,1.0000000000000149,1.0,instantaneous
A,2,0.6894410400390625,causal_original,0.9980865114867574,0.9981614622832383,0.016351822582965234,0.5074444928566038,instantaneous
A,2,0.6894410400390625,causal_initializer,0.9972412265188304,0.9971732053403617,0.12641868545850182,0.8677480085599775,instantaneous
A,2,0.6894410400390625,causal_initializer_diagonal,0.9972412265188304,0.9971732053403617,0.12641868545850182,0.8677480085599775,instantaneous
A,2,0.6894410400390625,causal_fm32,0.9973507577961646,0.9972610976280822,0.12745355257995927,0.87893256874881,instantaneous
A,2,0.6894410400390625,causal_anyflow32,0.9972988067256439,0.9972035061241262,0.13702489578848934,0.8991858425644426,instantaneous
A,2,0.6894410400390625,causal_anyflow32_finite,0.9972691798102633,0.9971995282520661,0.1521150914331445,0.9254753516893266,finite interval average; descriptive only
A,2,0.6894410400390625,causal_anyflow128,0.9981452371063293,0.9980966179619232,0.12388927038072647,0.782766073944261,instantaneous
A,2,0.6894410400390625,causal_anyflow128_finite,0.9981572239793134,0.9981593252989733,0.13787576540103916,0.8212795544556214,finite interval average; descriptive only
A,2,0.24078089904785155,original,0.9999999999999745,0.9999999999999752,1.00000000000001,1.0,instantaneous
A,2,0.24078089904785155,causal_original,0.9972600555406501,0.9972862230837819,0.012301251559670162,0.7714390200096305,instantaneous
A,2,0.24078089904785155,causal_initializer,0.9852814360793918,0.9847118185781384,0.0008568218387748672,1.0976460274552577,instantaneous
A,2,0.24078089904785155,causal_initializer_diagonal,0.9852814360793918,0.9847118185781384,0.0008568218387748672,1.0976460274552577,instantaneous
A,2,0.24078089904785155,causal_fm32,0.9854697425899585,0.9848621120836436,0.004777492841926356,1.128803048510836,instantaneous
A,2,0.24078089904785155,causal_anyflow32,0.985314381973221,0.9847338350878554,-0.006914613456574783,1.100372793443126,instantaneous
A,2,0.24078089904785155,causal_anyflow32_finite,0.9909286293097913,0.9907429942477418,-0.0032802551030495413,1.1194078078233691,finite interval average; descriptive only
A,2,0.24078089904785155,causal_anyflow128,0.9896096917334093,0.9891920448435452,-0.004462769292867864,1.0513670136872588,instantaneous
A,2,0.24078089904785155,causal_anyflow128_finite,0.9940389731207465,0.9939556522645614,0.005475920594468029,1.0569461867903702,finite interval average; descriptive only
D,1,0.9395404663085938,original,0.9999999999999604,0.9999999999999593,1.000000000000145,1.0,instantaneous
D,1,0.9395404663085938,causal_original,0.9946835204161287,0.9944788167704016,0.2958768243478143,1.3235039135524975,instantaneous
D,1,0.9395404663085938,causal_initializer,0.9931141225657307,0.992028802689597,0.14157318779613987,1.5788181928076657,instantaneous
D,1,0.9395404663085938,causal_initializer_diagonal,0.9931141225657307,0.992028802689597,0.14157318779613987,1.5788181928076657,instantaneous
D,1,0.9395404663085938,causal_fm32,0.9936501484922015,0.9921545550490802,0.12363218982617784,1.735862564592094,instantaneous
D,1,0.9395404663085938,causal_anyflow32,0.9933916667572779,0.9920650459657774,0.13892800050659543,1.6023245192599995,instantaneous
D,1,0.9395404663085938,causal_anyflow32_finite,0.993994295904154,0.9935663928103126,0.07646305988960388,1.209601243519183,finite interval average; descriptive only
D,1,0.9395404663085938,causal_anyflow128,0.9954669448372483,0.9949363407289236,0.21066557096879535,1.078493117169168,instantaneous
D,1,0.9395404663085938,causal_anyflow128_finite,0.9950986324813186,0.9953282088873858,-0.012347291050522114,0.9977506275443562,finite interval average; descriptive only
D,1,0.6894410400390625,original,0.9999999999999649,0.9999999999999547,1.0000000000000713,1.0,instantaneous
D,1,0.6894410400390625,causal_original,0.9973991274514589,0.9973791851163173,0.07363573867851886,1.1169147210021295,instantaneous
D,1,0.6894410400390625,causal_initializer,0.9968414819489262,0.9967475183513351,0.05265917047119447,1.261353825529165,instantaneous
D,1,0.6894410400390625,causal_initializer_diagonal,0.9968414819489262,0.9967475183513351,0.05265917047119447,1.261353825529165,instantaneous
D,1,0.6894410400390625,causal_fm32,0.9968937161681968,0.9968178739236505,0.050501205088175065,1.2395885729489327,instantaneous
D,1,0.6894410400390625,causal_anyflow32,0.9968669323797936,0.9968000487599104,0.06823987407382764,1.2516069747112866,instantaneous
D,1,0.6894410400390625,causal_anyflow32_finite,0.9968805601340219,0.9968389534202055,0.07143878664002029,1.3027543491923619,finite interval average; descriptive only
D,1,0.6894410400390625,causal_anyflow128,0.9977467770464914,0.997691498486834,0.07350706284938759,1.2438752739233168,instantaneous
D,1,0.6894410400390625,causal_anyflow128_finite,0.9977077617995824,0.9977031973543781,0.06739435122599303,1.2815179787355706,finite interval average; descriptive only
D,1,0.24078089904785155,original,0.9999999999999599,0.9999999999999536,1.0000000000000806,1.0,instantaneous
D,1,0.24078089904785155,causal_original,0.9971696172474962,0.9971688674099187,0.06194629034160938,0.8293715291404625,instantaneous
D,1,0.24078089904785155,causal_initializer,0.9881677369360123,0.987577510535543,0.02180555216493794,1.2208140391066602,instantaneous
D,1,0.24078089904785155,causal_initializer_diagonal,0.9881677369360123,0.987577510535543,0.02180555216493794,1.2208140391066602,instantaneous
D,1,0.24078089904785155,causal_fm32,0.9882923677270631,0.9877087816670376,0.02891343280125063,1.2357573788161629,instantaneous
D,1,0.24078089904785155,causal_anyflow32,0.9882401270901708,0.9876517271886119,0.022534703777631837,1.2314066808952737,instantaneous
D,1,0.24078089904785155,causal_anyflow32_finite,0.9921421909274037,0.991821154295857,0.015566264681330086,1.1565490588585439,finite interval average; descriptive only
D,1,0.24078089904785155,causal_anyflow128,0.9919834137908728,0.9915985905484894,0.019861343181394455,1.1998402773197092,instantaneous
D,1,0.24078089904785155,causal_anyflow128_finite,0.9948562248187758,0.994693812645805,0.029272062489470375,1.1381990950492957,finite interval average; descriptive only
D,2,0.9395404663085938,original,0.9999999999999747,0.9999999999999786,1.0000000000000075,1.0,instantaneous
D,2,0.9395404663085938,causal_original,0.9899586504403245,0.9898904234142148,0.12026646066149811,1.0800126313443597,instantaneous
D,2,0.9395404663085938,causal_initializer,0.994153255094989,0.9949741933636831,-0.03249462276897304,2.8112553427945586,instantaneous
D,2,0.9395404663085938,causal_initializer_diagonal,0.994153255094989,0.9949741933636831,-0.03249462276897304,2.8112553427945586,instantaneous
D,2,0.9395404663085938,causal_fm32,0.9943570874439345,0.9949018514382042,-0.009446114129451911,2.643436029131386,instantaneous
D,2,0.9395404663085938,causal_anyflow32,0.9944899909253421,0.9947034324591786,0.01572213280677142,2.6169846101561545,instantaneous
D,2,0.9395404663085938,causal_anyflow32_finite,0.9946328829575751,0.9954584652628967,-0.061741713555865045,2.688254595278324,finite interval average; descriptive only
D,2,0.9395404663085938,causal_anyflow128,0.992586959377533,0.9941947191601113,-0.07233745842649815,2.8571994863823975,instantaneous
D,2,0.9395404663085938,causal_anyflow128_finite,0.9932680309074176,0.9948324745929371,-0.12063785751670787,2.6491403322403486,finite interval average; descriptive only
D,2,0.6894410400390625,original,0.999999999999975,0.9999999999999788,1.0000000000000109,1.0,instantaneous
D,2,0.6894410400390625,causal_original,0.9981550950189765,0.998161253778244,0.032650000228861144,0.6200178382072797,instantaneous
D,2,0.6894410400390625,causal_initializer,0.9974272448111648,0.9971225644163055,0.007315166433715498,1.0615324240889914,instantaneous
D,2,0.6894410400390625,causal_initializer_diagonal,0.9974272448111648,0.9971225644163055,0.007315166433715498,1.0615324240889914,instantaneous
D,2,0.6894410400390625,causal_fm32,0.9974458729081874,0.9971548866553636,-0.004289124907403436,1.0763773713201974,instantaneous
D,2,0.6894410400390625,causal_anyflow32,0.997461907444861,0.9971396754983195,-0.0023748488117995422,1.0942700225012463,instantaneous
D,2,0.6894410400390625,causal_anyflow32_finite,0.9974404138015445,0.997287700844646,-0.002827596527430619,0.9686974516090535,finite interval average; descriptive only
D,2,0.6894410400390625,causal_anyflow128,0.9981201149831707,0.9979322368254752,-0.010158401759305767,0.9555858213109961,instantaneous
D,2,0.6894410400390625,causal_anyflow128_finite,0.9983719490344377,0.9983396067111616,-0.009333032684605558,0.865537976398228,finite interval average; descriptive only
D,2,0.24078089904785155,original,0.9999999999999759,0.9999999999999738,1.000000000000013,1.0,instantaneous
D,2,0.24078089904785155,causal_original,0.9976052023482112,0.9975558768076028,0.026077783112092415,0.9100451191912176,instantaneous
D,2,0.24078089904785155,causal_initializer,0.9872888985097376,0.986819391354055,0.03132924487495549,1.099689912533385,instantaneous
D,2,0.24078089904785155,causal_initializer_diagonal,0.9872888985097376,0.986819391354055,0.03132924487495549,1.099689912533385,instantaneous
D,2,0.24078089904785155,causal_fm32,0.9874405025948056,0.9869117171776383,0.031534848917889234,1.125198978616855,instantaneous
D,2,0.24078089904785155,causal_anyflow32,0.9874074546193835,0.9869163812319147,0.03424717428331713,1.114882266166853,instantaneous
D,2,0.24078089904785155,causal_anyflow32_finite,0.9922179940211912,0.9920207908353826,0.029351120542781616,1.0282230917926045,finite interval average; descriptive only
D,2,0.24078089904785155,causal_anyflow128,0.9910185220795232,0.9906177169610677,0.03150226653133004,1.036304869665206,instantaneous
D,2,0.24078089904785155,causal_anyflow128_finite,0.9949026517524582,0.9947827247233748,0.034410050115224924,1.0290074914057907,finite interval average; descriptive only
